1,1,417.5197620962,250.9511087538,1
1,7,427.2939094495,740.0533143101,3
2,1,417.3668832839,256.671121859,1
2,7,427.2939094495,740.0533143101,3
3,1,416.8441139431,272.6514101921,1
3,7,427.2939094495,740.0533143101,3
4,1,416.2083292376,291.5023997422,1
4,7,427.2939094495,740.0533143101,3
5,1,415.1845301081,310.9684159683,1
5,7,427.2939094495,740.0533143101,3
6,1,414.115022024,327.8371860754,1
6,7,427.2939094495,740.0533143101,3
7,1,412.6293234555,343.5881100147,1
7,7,427.2939094495,740.0533143101,3
8,1,410.6368775687,359.3443997191,1
8,7,427.2939094495,740.0533143101,3
9,1,408.8562367649,377.0100095096,1
9,7,427.2939094495,740.0533143101,3
10,1,406.3203996193,392.2771900906,1
10,7,427.2939094495,740.0533143101,3
11,1,404.7601982046,412.0752149867,1
11,7,427.2939094495,740.0533143101,3
12,1,402.8947086125,429.5438547776,1
12,7,427.2939094495,740.0533143101,3
13,1,402.9667833191,447.5372057436,1
13,7,427.2939094495,740.0533143101,3
14,1,402.7127887594,464.7983630666,1
14,7,427.2939094495,740.0533143101,3
15,1,402.6002146751,483.4324595696,1
15,7,427.2939094495,740.0533143101,3
16,1,402.104623141,504.1286537102,1
16,7,427.2939094495,740.0533143101,3
17,1,402.097089665,522.718673197,1
17,7,427.2939094495,740.0533143101,3
18,1,401.149167233,541.449774712,1
18,2,420.0539825228,158.5347912215,1
18,3,436.9021352931,156.8552239393,1
18,4,447.6769216582,152.4657590298,1
18,7,427.2939094495,740.0533143101,3
19,1,400.0905792858,560.3439534898,1
19,2,419.1572777275,164.4444005451,1
19,3,435.7893836198,170.1161579917,1
19,4,445.8735626657,161.5913126255,1
19,7,427.2939094495,740.0533143101,3
20,1,398.363142069,575.7000596958,1
20,2,417.2346257632,178.9948073853,1
20,3,432.8000460289,186.1177351244,1
20,4,442.2343474382,175.8661865576,1
20,7,427.2939094495,740.0533143101,3
21,1,396.2874502033,589.7356098765,1
21,2,414.520937059,195.9261635338,1
21,3,429.3099732746,203.3194535492,1
21,4,439.7148295897,195.9882758743,1
21,7,427.2939094495,740.0533143101,3
21,17,417.4020185893,1005.453826045,1
22,1,391.8000059819,604.5413231269,1
22,2,412.0654849416,213.2806668538,1
22,3,425.7693778892,214.5951011731,1
22,4,437.3501953536,208.9514782955,1
22,7,427.2939094495,740.0533143101,3
22,17,412.9647916945,1011.3052120385,1
23,1,385.9094247544,619.9485697325,1
23,2,409.6999143296,225.7000666145,1
23,3,424.4380153109,230.1063685755,1
23,4,436.0339568986,224.5229682373,1
23,7,427.2939094495,740.0533143101,3
23,17,405.7672530972,1024.0693948411,1
23,18,421.195919003,1020.7343580275,1
24,1,379.9875983929,634.4708513435,1
24,2,409.2603099241,243.272117184,1
24,3,424.4929177941,246.9878193034,1
24,4,434.2611995618,236.5745125065,1
24,7,427.2939094495,740.0533143101,3
24,17,398.2457661516,1039.2208232022,1
24,18,418.8906892774,1027.4565076383,1
25,1,374.5088017289,646.902048131,1
25,2,407.7391806333,258.8849633852,1
25,3,424.2763447068,266.2780494294,1
25,4,433.5905854133,250.3389364703,1
25,7,427.2939094495,740.0533143101,3
25,17,392.001568529,1054.4709206384,1
25,18,412.5690609448,1043.0068833698,1
26,1,369.8444060487,663.7466505418,1
26,2,406.4664954798,280.5346604229,1
26,3,423.3759748074,280.9255558161,1
26,4,433.1858354073,266.21324742,1
26,7,427.2939094495,740.0533143101,3
26,17,386.1955841577,1071.7174779281,1
26,18,407.5434307228,1058.9368765783,1
27,1,364.5323689877,681.3969189895,1
27,2,405.8543005713,297.0874350927,1
27,3,422.1458064625,295.9473164786,1
27,4,434.1390414755,282.5988024343,1
27,7,427.2939094495,740.0533143101,3
27,17,383.204083492,1087.4895887157,1
27,18,402.1267427607,1074.1200917984,1
28,1,358.464826108,699.1874203757,1
28,2,406.2463366621,312.8036588866,1
28,3,422.31058509,301.8814377784,1
28,4,434.1903041365,299.5375135761,1
28,7,427.2939094495,740.0533143101,3
28,17,381.679031457,1104.6304210064,1
28,18,398.7309864586,1088.345542707,1
28,19,268.9744410594,1264.5997009797,1
29,1,350.7748958181,717.8732864029,1
29,2,406.547906903,325.8142500281,1
29,3,421.4635234431,310.0340378237,1
29,4,433.6907176834,309.2711700748,1
29,7,427.2939094495,740.0533143101,3
29,17,379.4586387936,1117.7966866067,1
29,18,397.016879681,1103.5873781952,1
29,19,269.9897945774,1256.4839048494,1
30,1,345.1179434159,735.331188104,1
30,2,405.3577420722,335.8419769342,1
30,3,421.4987812372,317.4248067638,1
30,4,431.8388046316,316.6753226143,1
30,7,427.2939094495,740.0533143101,3
30,17,376.5658428617,1132.8856622173,1
30,18,396.1408370313,1117.9406683088,1
30,19,270.3547649273,1239.9092657598,1
31,1,341.9349987259,756.1472477908,1
31,2,405.0012229711,351.8963247789,1
31,3,419.9709073736,337.2332285677,1
31,4,430.8045756173,328.2138734891,1
31,7,427.2939094495,740.0533143101,3
31,17,370.949486018,1145.340397263,1
31,18,394.9855007267,1131.4905146345,1
31,19,270.3193574073,1222.3395843922,1
32,1,340.9518879858,771.3097935019,1
32,2,405.3540097152,370.8446565939,1
32,3,419.1513755974,356.1933050186,1
32,4,429.5516658499,342.2498921231,1
32,7,427.2939094495,740.0533143101,3
32,17,365.2762454941,1158.941301255,1
32,18,392.172603044,1144.5305378193,1
32,19,268.2498045685,1204.8954278391,1
33,1,340.8472227052,786.8289953554,1
33,2,406.5692487778,391.5219331941,1
33,3,417.9131269921,383.0764330405,1
33,4,428.8750499195,362.4569942951,1
33,7,427.2939094495,740.0533143101,3
33,17,358.9457543756,1171.5852654076,1
33,18,388.1078403867,1158.9653144847,1
33,19,267.9794299607,1187.6523368125,1
34,1,342.1032079815,799.1923537166,1
34,2,408.0343127689,409.5624792863,1
34,3,417.444190624,399.9824981109,1
34,4,427.585959455,383.7733545833,1
34,7,427.2939094495,740.0533143101,3
34,17,353.3977327734,1185.5032777964,1
34,18,383.5142530438,1172.2503143138,1
34,19,267.8513083548,1169.2518059594,1
35,1,344.8528975643,817.2072938421,1
35,2,408.2212493685,423.6901202975,1
35,3,416.9059134756,420.1355999597,1
35,4,426.9620955941,407.2607655713,1
35,7,427.2939094495,740.0533143101,3
35,17,349.5663336115,1202.3641131488,1
35,18,378.2221272005,1186.210183773,1
35,19,268.8971819498,1149.9327863751,1
36,1,347.6417928002,837.2790049083,1
36,2,406.0813931128,438.7503101801,1
36,3,416.4458281767,430.8919751259,1
36,4,426.4190250783,429.0201117457,1
36,7,427.2939094495,740.0533143101,3
36,17,344.5552098312,1218.234508347,1
36,18,372.0589070486,1203.006669014,1
36,19,269.2655206858,1130.9742372917,1
37,1,351.1782838051,857.024009581,1
37,2,402.200893626,455.1859737903,1
37,3,415.5768296064,442.5497780133,1
37,4,426.2072315447,447.2343928738,1
37,7,427.2939094495,740.0533143101,3
37,17,341.2877956957,1236.5934692461,1
37,18,365.7353998182,1218.7482740813,1
37,19,269.4964012105,1113.0990344462,1
38,1,353.8148517806,873.9113727039,1
38,2,396.3424774634,473.4916526903,1
38,3,414.8595679851,462.0493343471,1
38,4,426.658380836,468.306405114,1
38,7,427.2939094495,740.0533143101,3
38,17,337.4146475652,1251.52189112,1
38,18,360.138285389,1234.9869830751,1
38,19,270.9711488701,1095.7282417848,1
39,1,356.4192275181,890.6427231176,1
39,2,390.0617245486,493.189837421,1
39,3,412.3159486248,479.5793575719,1
39,4,426.7873871441,484.9066081088,1
39,7,427.2939094495,740.0533143101,3
39,17,335.0372741886,1268.5839736327,1
39,18,355.0016403607,1248.0110592681,1
39,19,271.8120519761,1078.7428509344,1
40,1,358.3556592125,907.6156697177,1
40,2,383.4061948037,507.4957888165,1
40,3,408.4527542407,499.9571848013,1
40,4,426.1518031614,501.0452790896,1
40,7,427.2939094495,740.0533143101,3
40,17,333.8123056889,1275.6880113454,1
40,18,351.0401307811,1263.5565659867,1
40,19,272.9448718278,1062.2196987721,1
41,1,360.4675824618,924.6077616696,1
41,2,377.1143865627,521.8908263015,1
41,3,403.8116769591,508.2852180372,1
41,4,424.4417252265,512.3140297114,1
41,7,427.2939094495,740.0533143101,3
41,18,348.631617257,1270.3574102998,1
41,19,272.9209751281,1044.3898400485,1
42,1,362.0615364004,939.9791253847,1
42,2,371.0527618756,534.0549822237,1
42,3,399.3245095984,523.5630674623,1
42,4,422.4727212317,529.0151114692,1
42,7,427.2939094495,740.0533143101,3
42,19,273.0794464632,1026.3020485666,1
43,1,363.9200459004,958.1417791216,1
43,2,366.1632561745,549.9439090121,1
43,3,395.1974428278,540.548160975,1
43,4,419.3607543941,549.6606347983,1
43,7,427.2939094495,740.0533143101,3
43,19,273.3858082554,1009.3327550276,1
44,1,364.8429633041,976.8584224413,1
44,2,362.8627605772,566.9758542451,1
44,3,388.9527851057,562.6112799541,1
44,4,414.6958938721,570.7960708515,1
44,7,427.2939094495,740.0533143101,3
44,19,274.1597412697,994.8488892217,1
45,1,366.5225151619,996.6377804105,1
45,2,361.4789432629,583.4157544295,1
45,3,382.591362836,579.7318784402,1
45,4,407.5382816113,586.0965806257,1
45,7,427.2939094495,740.0533143101,3
45,19,276.1160272979,981.2046059124,1
46,1,366.1937236719,1013.5270512358,1
46,2,358.273715136,598.9162028338,1
46,3,376.4432835249,593.7327429172,1
46,4,400.9966975757,600.4375041259,1
46,7,427.2939094495,740.0533143101,3
46,19,276.2367896727,962.812731503,1
47,1,366.0337508918,1030.8802032881,1
47,2,354.3019595313,611.7004599756,1
47,3,372.0632855476,607.158578023,1
47,4,392.9477389158,615.6169095214,1
47,7,427.2939094495,740.0533143101,3
47,19,276.016706629,943.2983331569,1
48,1,366.2745988686,1048.0085460744,1
48,2,349.2789274845,625.7864978598,1
48,3,367.4420061329,623.4504169266,1
48,4,386.1022215212,633.6128633259,1
48,7,427.2939094495,740.0533143101,3
48,19,274.4151791494,922.1557930834,1
49,1,367.3380156707,1066.9521903776,1
49,2,344.5750277195,641.8589904092,1
49,3,363.8687052407,640.1118183246,1
49,4,378.6407926498,647.793155015,1
49,7,427.2939094495,740.0533143101,3
49,19,274.8728512808,904.7813024439,1
50,1,369.9996083619,1087.8008973982,1
50,2,340.2795215036,657.6068567704,1
50,3,359.0151172987,654.3384647165,1
50,4,372.0713058031,663.1276462205,1
50,7,427.2939094495,740.0533143101,3
50,19,274.5555907008,884.7439339153,1
51,1,370.9534902935,1106.180790461,1
51,2,335.5803353973,672.2067672983,1
51,3,353.3620851777,663.9000391124,1
51,4,365.8862519178,677.8029889577,1
51,7,427.2939094495,740.0533143101,3
51,19,275.2147779254,867.1759646519,1
52,1,371.5890835029,1123.4562750872,1
52,2,330.7810388784,688.5086252537,1
52,3,346.8610698894,675.6712686647,1
52,4,359.8606069873,692.5129486495,1
52,7,427.2939094495,740.0533143101,3
52,19,274.8089658222,849.4354046504,1
53,1,370.8950954479,1138.3333266207,1
53,2,325.4354419867,705.7226300157,1
53,3,341.2368110529,692.3285013583,1
53,4,355.9402526374,707.4904325495,1
53,7,427.2939094495,740.0533143101,3
53,19,275.5055582027,834.851086457,1
54,1,370.322362383,1156.3585594803,1
54,2,321.2673253322,720.1071499021,1
54,3,337.3599654674,712.6390600127,1
54,4,351.9697973601,723.350231103,1
54,7,427.2939094495,740.0533143101,3
54,19,274.8636077941,815.4406537258,1
55,1,370.2731959879,1176.7375804589,1
55,2,318.2283514392,731.8586787239,1
55,3,334.5396020555,730.0888792893,1
55,4,349.9705244752,743.273772773,1
55,7,427.2939094495,740.0533143101,3
55,19,274.945304464,797.1098414248,1
56,1,371.5549565019,1196.9377822547,1
56,2,316.8069809315,746.2192433969,1
56,3,332.5471723996,745.1806462739,1
56,4,347.5796536586,760.6538530649,1
56,7,427.2939094495,740.0533143101,3
56,19,274.3897612073,779.9671287953,1
57,1,373.2408034743,1216.8740675127,1
57,2,316.590836302,762.4900311495,1
57,3,331.7007905558,761.7249352129,1
57,4,347.0439607047,777.7864269319,1
57,7,427.2939094495,740.0533143101,3
57,19,274.7191604335,764.8169860244,1
58,1,375.6753725199,1235.6004515051,1
58,2,316.5419852213,782.810884394,1
58,3,330.6867511463,778.3889796414,1
58,4,348.2943523527,791.3464423213,1
58,7,427.2939094495,740.0533143101,3
58,19,275.3392487994,748.9469781124,1
59,1,376.8260527471,1251.7598602579,1
59,2,317.5195944286,801.2459332621,1
59,3,331.5826136507,795.3685696352,1
59,4,351.4137311669,803.6722595825,1
59,7,427.2939094495,740.0533143101,3
59,19,275.2202718048,730.1061247431,1
60,1,378.552522376,1268.7035127553,1
60,2,318.6790936141,821.6330165132,1
60,3,332.8650537765,812.7221460538,1
60,4,355.0539481361,820.8444391492,1
60,7,427.2939094495,740.0533143101,3
60,19,275.493143066,710.9558856265,1
60,20,252.5860241022,1269.6278989303,1
61,1,378.782548919,1275.9255259991,1
61,2,321.0530624374,840.2715601508,1
61,3,336.0081237257,830.9450098129,1
61,4,356.9661385662,837.2728430995,1
61,7,427.2939094495,740.0533143101,3
61,19,275.2459296793,690.9598911724,1
61,20,255.9876175197,1261.2413467364,1
62,2,322.9180993968,858.2188091496,1
62,3,339.3551696371,848.0888186637,1
62,4,358.7707125477,854.454333929,1
62,7,427.2939094495,740.0533143101,3
62,19,275.9495760542,673.4566103148,1
62,20,261.1248075254,1246.39012263,1
63,2,325.3472821786,874.9465166848,1
63,3,342.6321093813,865.907798582,1
63,4,360.4354722364,868.3552692338,1
63,7,427.2939094495,740.0533143101,3
63,19,276.8073566357,656.172058701,1
63,20,264.9221629352,1230.8216639668,1
64,2,326.7046482436,889.6042778592,1
64,3,344.6516696614,884.3631649359,1
64,4,363.3012436548,884.3560737525,1
64,7,427.2939094495,740.0533143101,3
64,19,277.2774861951,637.9953002246,1
64,20,267.4544802579,1217.2366455345,1
65,2,329.3714398933,907.6917322086,1
65,3,345.2775998472,900.71852173,1
65,4,364.609193121,901.0583740043,1
65,7,427.2939094495,740.0533143101,3
65,19,280.0754945456,620.5270189116,1
65,20,267.9237878287,1201.1288175326,1
66,2,330.7538564474,924.9375142661,1
66,3,346.1965594708,915.7137160297,1
66,4,365.8684091367,917.2132863526,1
66,7,427.2939094495,740.0533143101,3
66,19,280.3916440269,599.9052598645,1
66,20,269.2335209882,1185.738398509,1
67,2,332.1889243698,940.9743191155,1
67,3,347.7260796492,932.1644298353,1
67,4,366.618700301,935.3606632478,1
67,7,427.2939094495,740.0533143101,3
67,19,283.3064784204,582.7147878863,1
67,20,268.988052028,1168.1403575938,1
68,2,332.5771260084,955.6799537694,1
68,3,349.0451282456,946.4453714794,1
68,4,368.5394719481,952.8227254385,1
68,7,427.2939094495,740.0533143101,3
68,19,283.3160040714,564.9715715848,1
68,20,271.1048419869,1154.140876947,1
69,2,333.3063850971,972.1634434967,1
69,3,349.3689321465,963.980630905,1
69,4,369.8664275599,969.3185213076,1
69,7,427.2939094495,740.0533143101,3
69,19,285.9691457458,549.6784735768,1
69,20,270.4710754426,1135.8307480852,1
70,2,335.040685485,990.2213949204,1
70,3,349.3535032659,978.453465388,1
70,4,371.1094882441,984.1127141685,1
70,7,427.2939094495,740.0533143101,3
70,19,286.5160775903,534.8883217149,1
70,20,271.7629235872,1121.1740163285,1
71,2,335.5895537923,1005.4766396379,1
71,3,349.462359351,996.2653668269,1
71,4,371.9026291572,999.2307139223,1
71,7,427.2939094495,740.0533143101,3
71,19,288.1964674025,521.2167807937,1
71,20,272.2146404438,1105.8801391892,1
72,2,336.1207631098,1020.3842023115,1
72,3,349.9452217015,1011.6996956285,1
72,4,371.8900155899,1015.3811721271,1
72,7,427.2939094495,740.0533143101,3
72,19,290.4428457207,508.0911692389,1
72,20,274.7599827575,1092.9865188661,1
73,2,336.3856825366,1035.6808780813,1
73,3,349.9471842383,1027.4490536058,1
73,4,370.5811786858,1031.021704321,1
73,7,427.2939094495,740.0533143101,3
73,19,290.5696203888,490.1699470289,1
73,20,276.5011299098,1079.1289299945,1
74,2,337.0062675681,1050.5878280294,1
74,3,350.3408735105,1043.2367935897,1
74,4,368.3510780621,1047.5571267992,1
74,7,427.2939094495,740.0533143101,3
74,19,290.7152454166,473.623442261,1
74,20,278.2715891597,1063.4779985287,1
75,2,337.7071865148,1062.2830108318,1
75,3,351.2560824571,1059.2545935922,1
75,4,366.8840618921,1063.2247326208,1
75,7,427.2939094495,740.0533143101,3
75,19,290.6322264799,459.4316116508,1
75,20,278.7561017688,1046.5225670525,1
75,21,352.8240356172,1270.4948987512,1
75,22,362.081730615,1285.0285846716,1
75,23,385.3202532814,1302.2148099328,1
76,2,338.6219651711,1078.0713161919,1
76,3,352.4856320355,1076.1177976637,1
76,4,365.9806975822,1079.1347718401,1
76,7,427.2939094495,740.0533143101,3
76,19,291.7182359826,442.9114730689,1
76,20,277.2913270308,1027.3833213754,1
76,21,355.2800994913,1251.85932877,1
76,22,364.5872026588,1268.2446319755,1
76,23,388.5960048688,1281.4567361743,1
77,2,339.2237792094,1094.2873024203,1
77,3,353.0128615799,1092.8068812688,1
77,4,365.6372327663,1094.470180194,1
77,7,427.2939094495,740.0533143101,3
77,19,291.6711893415,423.4003287772,1
77,20,275.5910494105,1008.4118238017,1
77,21,357.7581279307,1235.5024327262,1
77,22,368.0158379659,1248.2836488234,1
77,23,389.1595613169,1265.7916041111,1
78,2,339.7902692556,1114.4209965836,1
78,3,352.5025708839,1107.4781078872,1
78,4,364.4088938096,1109.5603828423,1
78,7,427.2939094495,740.0533143101,3
78,19,290.9099466071,400.5401602743,1
78,20,274.243488505,991.4341816171,1
78,21,363.4928548235,1220.7946016458,1
78,22,369.781773288,1235.1709198149,1
78,23,390.2899085013,1241.3056904734,1
79,2,338.8230916355,1129.0852486774,1
79,3,350.8949341959,1121.5115073343,1
79,4,362.7037789363,1124.9252152389,1
79,7,427.2939094495,740.0533143101,3
79,19,290.0104480349,378.790003299,1
79,20,274.5601289916,977.4286320405,1
79,21,367.8085809637,1202.8378869055,1
79,22,372.1243745954,1221.8550904735,1
79,23,391.773695621,1226.3282893291,1
80,2,337.7163606665,1145.8093934054,1
80,3,348.5594475519,1134.9196268291,1
80,4,360.7189172099,1137.4355272845,1
80,7,427.2939094495,740.0533143101,3
80,19,291.0699890269,361.3991278321,1
80,20,275.4821472823,967.484214377,1
80,21,373.0395159543,1186.9432950781,1
80,22,375.4422062472,1195.9328431754,1
80,23,394.5560061472,1207.8916179895,1
81,2,335.1320708244,1160.2895543444,1
81,3,346.5274281577,1150.7853799861,1
81,4,359.3502375672,1152.6381892248,1
81,7,427.2939094495,740.0533143101,3
81,19,291.7865001621,347.5957154266,1
81,20,275.4854727428,954.7505358208,1
81,21,377.50280747,1173.4240564148,1
81,22,382.0111272578,1183.4711883812,1
81,23,397.0684636639,1189.8002786971,1
82,2,332.5354733241,1174.8442621631,1
82,3,344.5961877923,1166.2269724787,1
82,4,359.177799479,1166.6234600391,1
82,7,427.2939094495,740.0533143101,3
82,19,293.1294892984,336.482596669,1
82,20,275.345684202,940.869154317,1
82,21,379.3315856622,1154.096268524,1
82,22,386.3369515953,1168.4066171233,1
82,23,399.091437038,1171.6461959641,1
83,2,330.0162101812,1189.2149806366,1
83,3,343.6108692687,1183.2770469938,1
83,4,359.7170476225,1185.6903752371,1
83,7,427.2939094495,740.0533143101,3
83,19,293.3891727177,318.2836815795,1
83,20,274.9732011716,922.0645394157,1
83,21,380.5293304458,1139.9679321288,1
83,22,386.7650929123,1150.4631294539,1
83,23,403.5644685641,1155.667730911,1
84,2,327.5238959683,1203.5118095389,1
84,3,342.5339512321,1198.1662547208,1
84,4,359.8948628751,1201.2754472525,1
84,7,427.2939094495,740.0533143101,3
84,19,294.1653876232,296.1721090173,1
84,20,276.3122076162,906.9792795215,1
84,21,377.2874078879,1127.4576423579,1
84,22,388.7272866153,1136.3448093256,1
84,23,402.1181355968,1137.9730307571,1
85,2,325.2567625015,1221.3334014118,1
85,3,341.668552118,1215.5696510835,1
85,4,357.9073132171,1219.5508206553,1
85,7,427.2939094495,740.0533143101,3
85,19,295.4454751712,275.9010805835,1
85,20,277.8927543813,890.8112240954,1
85,21,375.92324956,1106.455235124,1
85,22,389.2273518043,1116.6599360792,1
85,23,401.7256554912,1120.5902064954,1
86,2,323.1996484879,1238.0500090409,1
86,3,341.0384775444,1233.5012707482,1
86,4,355.2147290817,1235.8787354657,1
86,7,427.2939094495,740.0533143101,3
86,19,295.4263031077,256.0251193926,1
86,20,278.9054706601,876.9482662544,1
86,21,373.6220197225,1094.412121815,1
86,22,387.879221307,1097.3403252233,1
86,23,402.4971997703,1104.4716908494,1
87,2,322.4892824454,1256.5919713434,1
87,3,340.2521450312,1254.4169926954,1
87,4,353.4306098515,1255.9268522635,1
87,7,427.2939094495,740.0533143101,3
87,19,295.0359156456,235.5857637343,1
87,20,279.0737289054,861.4730636843,1
87,21,373.8209623298,1082.7822412434,1
87,22,386.9507108395,1082.2483046577,1
87,23,400.3565417038,1086.0748165348,1
88,2,322.2244276748,1264.446971386,1
88,3,340.0982283705,1264.4935298363,1
88,4,353.0377605876,1264.7971450061,1
88,7,427.2939094495,740.0533143101,3
88,19,295.1893782299,219.5048848725,1
88,20,278.6560062077,844.8020313908,1
88,21,372.3136787414,1064.3362739953,1
88,22,385.0352891718,1064.5745153202,1
88,23,396.4639322443,1068.6157419204,1
89,7,427.2939094495,740.0533143101,3
89,19,295.9010566811,203.7945543096,1
89,20,278.2559018171,826.3100962712,1
89,21,374.1849698151,1043.3105047345,1
89,22,382.8619807494,1047.0239493932,1
89,23,395.5627347372,1048.5947817368,1
90,7,427.2939094495,740.0533143101,3
90,19,295.9635273797,191.8863937581,1
90,20,278.9888601204,809.2949488293,1
90,21,371.2818932411,1035.5532970615,1
90,22,383.9960865434,1028.5847098449,1
90,23,394.6977197826,1033.2830935235,1
91,7,427.2939094495,740.0533143101,3
91,19,294.6599469673,174.9483165367,1
91,20,280.2537467266,795.5620748763,1
91,21,369.6409749503,1018.1658285805,1
91,22,383.6805292041,1012.0442080722,1
91,23,396.7095593954,1020.5970398744,1
92,7,427.2939094495,740.0533143101,3
92,19,293.288463387,155.9336777672,1
92,20,281.289896088,782.4226573207,1
92,21,370.5027640197,1006.2623864436,1
92,22,381.721137407,995.784022369,1
92,23,396.3039905139,1000.2876273427,1
93,5,406.4865916355,158.4043968895,1
93,6,421.3884676879,164.8534975512,1
93,7,427.2939094495,740.0533143101,3
93,19,291.1963553911,134.5875338698,1
93,20,281.1322663517,766.5503997862,1
93,21,371.1895517275,995.1218456483,1
93,22,383.2072730856,979.2978094841,1
93,23,398.1220538123,988.0266917054,1
94,5,405.743700884,161.9153740171,1
94,6,420.0874342842,168.9357205855,1
94,7,427.2939094495,740.0533143101,3
94,19,289.40355586,111.1074536236,1
94,20,280.0648802723,747.1554311031,1
94,21,374.8310317055,978.661496194,1
94,22,383.1964897458,967.7079387924,1
94,23,395.5935823567,969.878055961,1
94,24,291.8914751783,1251.1058819326,3
95,5,406.156003765,173.6413098458,1
95,6,418.7463370204,178.4357311231,1
95,7,427.2939094495,740.0533143101,3
95,19,287.7328606983,92.6138851303,1
95,20,278.5858330947,728.5433955784,1
95,21,390.3052550648,976.0131189172,1
95,22,385.8452024261,957.1389237845,1
95,23,402.1985278016,966.8246103075,1
95,24,298.0870318135,1201.2681090971,3
96,5,405.2661577251,182.6319373539,1
96,6,418.0720108132,189.0515969052,1
96,7,427.2939094495,740.0533143101,3
96,19,287.6888024939,76.5144920244,1
96,20,276.5745703763,713.8216995401,1
96,21,407.7562280078,977.2157630604,1
96,22,388.8153738578,949.6112152251,1
96,23,410.7066215167,961.5438839511,1
96,24,301.7901976225,1137.4101664427,3
97,5,405.2831654806,192.5518231088,1
97,6,417.7618046224,199.1332502517,1
97,7,427.2939094495,740.0533143101,3
97,19,288.5263509135,66.677246367,1
97,20,276.5622566511,706.0885377908,1
97,21,427.2378947418,980.5959781548,1
97,22,399.9881421587,947.3797279863,1
97,23,425.482483729,963.1701974278,1
97,24,303.1441446605,1081.3464313701,3
98,5,405.1963813638,204.4267598204,1
98,6,417.3581592879,206.0777288069,1
98,7,427.2939094495,740.0533143101,3
98,19,289.0248434596,57.2133279634,1
98,20,276.7695545513,696.734362973,1
98,22,414.7652323156,947.8542433037,1
98,24,310.6396621064,1043.1699235761,3
99,5,406.634768594,216.4939296788,1
99,6,417.7155060353,214.3199746075,1
99,7,427.2939094495,740.0533143101,3
99,19,288.0837064333,46.0039497968,1
99,20,277.7217673433,683.2156495153,1
99,22,430.0446192067,966.821083003,1
99,24,313.573885028,1006.11994309,3
100,5,407.9450742241,229.5485523481,1
100,6,418.3767807184,224.6569613311,1
100,7,427.2939094495,740.0533143101,3
100,19,285.692664126,30.3605028779,1
100,20,276.9456691514,662.7567541233,1
100,24,313.5743081524,963.3472067589,3
101,5,408.8454985203,240.81362501,1
101,6,419.0031496984,242.1594475141,1
101,7,427.2939094495,740.0533143101,3
101,19,284.3627057615,21.1538792594,1
101,20,277.9361374118,646.4953886759,1
101,24,316.0503326774,932.9297513037,3
102,5,408.2511768719,252.1685339756,1
102,6,419.1234183544,258.3932422431,1
102,7,427.2939094495,740.0533143101,3
102,20,278.2530135738,629.3437904898,1
102,24,318.9182571449,917.6282409318,3
103,5,408.2587202547,270.7034708047,1
103,6,419.5679948589,273.6439822195,1
103,7,427.2939094495,740.0533143101,3
103,20,278.2627891928,613.7921586736,1
103,24,322.1045327108,887.1470295697,3
104,5,407.2898233346,288.5319420606,1
104,6,419.6525523074,284.4368280647,1
104,7,427.2939094495,740.0533143101,3
104,20,276.8368425546,596.4999732184,1
104,24,333.4879331336,874.6003819519,3
105,5,407.9917996386,303.5847304271,1
105,6,419.48394935,290.3611394248,1
105,7,427.2939094495,740.0533143101,3
105,20,276.6401078119,582.1919369394,1
105,24,349.6936977434,859.9399942055,3
106,5,407.724185499,309.3742626177,1
106,6,418.8206095896,294.9176624699,1
106,7,427.2939094495,740.0533143101,3
106,20,277.3742294525,567.5279186643,1
106,24,367.7392758209,859.1152355012,3
107,5,408.3752332914,314.0091060451,1
107,6,418.0596987965,299.7610732805,1
107,7,427.2939094495,740.0533143101,3
107,20,278.7388101293,553.7607275077,1
107,24,387.0878677116,842.1942810371,3
108,5,407.1270259747,318.8833152252,1
108,6,417.7228315064,310.9096559582,1
108,7,427.2939094495,740.0533143101,3
108,20,280.3828432772,539.4155401367,1
108,24,408.308014169,846.0481452559,3
109,5,406.1068486379,329.2533259368,1
109,6,417.222964807,324.5328239137,1
109,7,427.2939094495,740.0533143101,3
109,20,281.6002835645,527.8246639232,1
109,24,421.6810201782,837.2443564433,3
110,5,405.1562551651,337.21183965,1
110,6,416.9330139668,337.4507990061,1
110,7,427.2939094495,740.0533143101,3
110,20,282.6730351944,514.781882931,1
110,24,421.6810201782,837.2443564433,3
111,5,404.6939102156,353.1317445777,1
111,6,416.6020658364,347.1374678412,1
111,7,427.2939094495,740.0533143101,3
111,20,283.4463238539,497.9675823865,1
111,24,431.5783473437,840.0494695713,3
112,5,404.9897029718,368.1794636326,1
112,6,417.0533737543,359.4311037714,1
112,7,427.2939094495,740.0533143101,3
112,20,285.7383786905,482.6789092236,1
112,24,431.5783473437,840.0494695713,3
113,5,404.8618845998,384.0592767398,1
113,6,417.6794151666,373.8332181438,1
113,7,427.2939094495,740.0533143101,3
113,20,286.7682402829,463.8581159801,1
113,24,420.4773147461,847.0898059342,3
114,5,405.1113700449,393.9541411363,1
114,6,417.5126898341,390.0334257525,1
114,7,427.2939094495,740.0533143101,3
114,20,289.4153765641,450.7673256009,1
114,24,406.7884082726,847.7358923236,3
115,5,404.7991032738,397.4169422729,1
115,6,416.554382966,399.6034947502,1
115,7,427.2939094495,740.0533143101,3
115,20,290.9523084204,433.6610184977,1
115,24,390.0729020296,850.1315189725,3
116,5,405.1254061153,405.3764999787,1
116,6,415.8751170555,407.8572313436,1
116,7,427.2939094495,740.0533143101,3
116,20,295.3629296876,423.0781089765,1
116,24,377.3276847166,850.7298692056,3
117,5,405.1851836292,414.1086208115,1
117,6,415.8475399193,415.8130390866,1
117,7,427.2939094495,740.0533143101,3
117,20,300.739660128,412.8313244101,1
117,24,362.6148137449,838.4886098662,3
118,5,404.9736973865,430.2033039944,1
118,6,415.9421609161,428.0447487301,1
118,7,427.2939094495,740.0533143101,3
118,8,407.3819792818,238.9483137223,1
118,9,420.6873137756,239.0769436576,1
118,10,431.4927150321,251.4618176986,1
118,20,307.5767162136,402.4804897425,1
118,24,350.4531618069,837.4491229717,3
119,5,404.0409929834,442.8345407429,1
119,6,416.8571772722,443.0810403946,1
119,7,427.2939094495,740.0533143101,3
119,8,406.8359278062,247.1498898935,1
119,9,420.5589555387,247.0489130934,1
119,10,432.6690333491,262.2360012467,1
119,20,314.9135083922,389.8449311336,1
119,24,339.9856144862,823.0505006569,3
120,5,403.1827622593,456.8478433822,1
120,6,417.9099203257,457.263293444,1
120,7,427.2939094495,740.0533143101,3
120,8,406.3333475144,265.373878193,1
120,9,420.0267279614,265.4053298431,1
120,10,432.627257586,280.07038513,1
120,20,322.5126085533,373.5599584249,1
120,24,329.4918833477,816.8432928957,3
121,5,402.6003157581,469.7419719242,1
121,6,419.3892009658,471.98705276,1
121,7,427.2939094495,740.0533143101,3
121,8,406.7787314996,277.5815580431,1
121,9,419.4966960585,278.8638911156,1
121,10,433.0528460102,293.1342630924,1
121,20,331.2834818269,359.9820524516,1
121,24,323.83134707,817.1412652942,3
122,5,401.7655996407,482.8722557586,1
122,6,419.2811800501,483.1420291109,1
122,7,427.2939094495,740.0533143101,3
122,8,407.1843990504,291.9024692973,1
122,9,418.8854462616,293.1465726042,1
122,10,431.6004033951,300.9930746863,1
122,20,340.2086352164,347.7964479637,1
122,24,315.2017461474,807.340487241,3
123,5,400.5362758093,493.2187973721,1
123,6,418.6590910096,495.2766992989,1
123,7,427.2939094495,740.0533143101,3
123,8,406.8737406747,310.432768141,1
123,9,418.3152950359,304.4383352826,1
123,10,431.2160965423,310.7138180591,1
123,20,348.5520898488,336.69596654,1
123,24,315.2017461474,807.340487241,3
124,5,399.8112167625,501.8495582607,1
124,6,417.6499970891,504.9552640556,1
124,7,427.2939094495,740.0533143101,3
124,8,405.7023251983,335.3520098029,1
124,9,418.0834445903,318.8673388828,1
124,10,429.9233079113,321.0656299005,1
124,20,357.4040804065,324.3999048433,1
124,24,315.2017461474,807.340487241,3
125,5,399.2914125875,511.4176043676,1
125,6,415.5137281645,515.2126047389,1
125,7,427.2939094495,740.0533143101,3
125,8,404.6765955893,359.7118972649,1
125,9,418.4572109965,338.3480928019,1
125,10,428.9444614999,335.8494145035,1
125,20,365.8759439638,307.2480767423,1
125,24,324.2604330261,820.5003518338,3
126,5,398.8016880829,524.0902990984,1
126,6,414.2630227608,527.6064188737,1
126,7,427.2939094495,740.0533143101,3
126,8,402.950185233,377.2094534557,1
126,9,418.0996053259,361.6529406506,1
126,10,428.2728127316,345.5476635779,1
126,20,374.751797834,293.8739365381,1
126,24,327.9567483803,836.9224538295,3
127,5,398.4312098797,538.9936174844,1
127,6,412.8054896071,537.4773909773,1
127,7,427.2939094495,740.0533143101,3
127,8,401.6230412985,388.7608868454,1
127,9,417.6823266199,382.393023864,1
127,10,426.1918983972,360.9781124385,1
127,20,383.0499965893,281.4293700492,1
127,24,330.7951160015,871.6569215293,3
128,5,398.0403839757,552.9554128508,1
128,6,411.8742096672,546.7191885525,1
128,7,427.2939094495,740.0533143101,3
128,8,400.9299256933,400.6578160577,1
128,9,416.1451540761,397.8079985667,1
128,10,424.9939632344,381.9572504617,1
128,20,392.2594848983,272.4584405953,1
128,24,329.6198277019,931.0971743639,3
128,25,405.0579451599,1298.8287731664,1
128,26,390.6235955459,1297.7586418413,1
129,5,398.1062270572,564.925476085,1
129,6,409.7795776088,553.7409901782,1
129,7,427.2939094495,740.0533143101,3
129,8,400.7468449528,415.2685875061,1
129,9,415.9312729522,413.5048504819,1
129,10,423.5923020225,409.5437084025,1
129,20,400.6650868536,257.7498131262,1
129,24,329.0986635266,987.8623917888,3
129,25,404.2636928511,1285.7490197589,1
129,26,393.2836036334,1280.4917409466,1
130,5,397.589048318,575.6896428739,1
130,6,407.9118610394,565.6793995952,1
130,7,427.2939094495,740.0533143101,3
130,8,401.9488561522,432.1143640825,1
130,9,415.1786903384,428.2275040809,1
130,10,424.0431412971,431.9477172513,1
130,20,408.6469261697,243.6712608559,1
130,24,322.429544055,1048.3256874477,3
130,25,405.6689796372,1269.7474951344,1
130,26,395.5873008467,1269.8975357115,1
131,5,396.7925168911,584.5459355307,1
131,6,405.8016989514,580.3282562343,1
131,7,427.2939094495,740.0533143101,3
131,8,402.4849761154,447.1018161071,1
131,9,414.7530752646,445.4206178471,1
131,10,424.162871374,449.4697111648,1
131,20,416.7027220285,226.3707551134,1
131,24,311.7092932108,1110.7402877078,3
131,25,409.5485491223,1257.4220239667,1
131,26,395.6828436642,1258.3503652792,1
132,5,394.643365037,593.935659696,1
132,6,402.935883843,593.6316108049,1
132,7,427.2939094495,740.0533143101,3
132,8,403.149758402,466.8423509594,1
132,9,414.1170213551,462.1224517813,1
132,10,424.0080412612,467.7525045896,1
132,20,424.0216694973,210.6471994907,1
132,24,304.6971768629,1195.4712311762,3
132,25,409.8257833195,1242.5912848551,1
132,26,397.9910177934,1245.8507888174,1
133,5,391.073690574,601.8259192806,1
133,6,399.5074900441,603.963638563,1
133,7,427.2939094495,740.0533143101,3
133,8,402.7370230232,485.7274664489,1
133,9,414.4533619019,482.5451922711,1
133,10,423.6294875567,484.9412310787,1
133,20,427.9359284098,200.4846359087,1
133,24,291.0332919405,1262.8125272957,3
133,25,412.1750973509,1233.2720184945,1
133,26,399.2902079129,1235.8589699381,1
134,5,385.9128861195,611.6026043333,1
134,6,396.2189958227,611.6407488146,1
134,7,427.2939094495,740.0533143101,3
134,8,401.6203925362,503.2251609906,1
134,9,415.1258683298,500.8240528803,1
134,10,423.5132899276,501.9667461894,1
134,25,417.0367770292,1220.9259189702,1
134,26,397.8261799389,1220.2594026928,1
135,5,380.1961885993,618.6422118218,1
135,6,391.9048422226,619.7660125705,1
135,7,427.2939094495,740.0533143101,3
135,8,399.5306345214,519.2452653857,1
135,9,415.210695533,516.3816656549,1
135,10,425.0449358327,517.4125655017,1
135,25,416.0267134349,1206.6108025692,1
135,26,397.9873364898,1210.971145058,1
136,5,374.6801613983,627.3551428762,1
136,6,387.1081292102,628.9678569107,1
136,7,427.2939094495,740.0533143101,3
136,8,397.9207686818,535.7720547812,1
136,9,414.5678822035,532.8674417256,1
136,10,425.7393487055,534.101391431,1
136,11,403.8416146855,217.7381521871,1
136,25,416.5649768872,1194.7562565728,1
136,26,397.256385878,1198.7895401643,1
137,5,369.1263461981,636.9916444749,1
137,6,380.898744204,639.9888656789,1
137,7,427.2939094495,740.0533143101,3
137,8,396.9960968588,554.7568068457,1
137,9,413.4997160791,550.2371223902,1
137,10,425.4145717989,550.9640523238,1
137,11,402.6523757214,223.1208589126,1
137,25,415.7107725057,1186.3741474328,1
137,26,400.7788529407,1189.8627460625,1
138,5,363.8599536703,649.8314569774,1
138,6,375.5405790167,651.707177459,1
138,7,427.2939094495,740.0533143101,3
138,8,395.5855905149,565.338480272,1
138,9,412.1023207577,568.2676135711,1
138,10,423.3818656472,565.0036453412,1
138,11,399.988069951,233.025275566,1
138,25,414.590084296,1174.2434723828,1
138,26,404.1466768661,1175.0921095341,1
139,5,357.5107058562,661.1099888776,1
139,6,369.3204735037,667.2541135924,1
139,7,427.2939094495,740.0533143101,3
139,8,392.7248255956,578.0156972232,1
139,9,410.0112805758,585.9920010881,1
139,10,419.6968039979,578.4198228826,1
139,11,398.585202403,250.3467941215,1
139,25,414.8965240574,1162.1344646131,1
139,26,402.8689737847,1159.7050658461,1
140,5,351.7311889105,667.9966044378,1
140,6,363.1770171089,679.9410253641,1
140,7,427.2939094495,740.0533143101,3
140,8,388.56892344,590.9116121522,1
140,9,405.5601406541,599.8941592884,1
140,10,414.5550269213,589.5473605051,1
140,11,398.1351608709,271.1012753382,1
140,25,416.6712017077,1149.6360045437,1
140,26,400.4335202034,1147.0835705354,1
141,5,347.1115135493,678.7166162762,1
141,6,358.2573642246,692.9716164888,1
141,7,427.2939094495,740.0533143101,3
141,8,384.9534690857,607.267464242,1
141,9,399.8228707077,616.1300328569,1
141,10,406.720906244,603.2485463672,1
141,11,397.4875977129,294.9621625268,1
141,25,416.529727751,1133.6550703317,1
141,26,401.4663560741,1137.1739157782,1
142,5,343.1592180182,691.8033079734,1
142,6,353.4652016472,702.5629286738,1
142,7,427.2939094495,740.0533143101,3
142,8,379.0655038918,621.4235666223,1
142,9,392.0027732413,628.3058892109,1
142,10,399.7217111485,621.7268361408,1
142,11,397.5484959277,316.9801869572,1
142,25,416.2638282756,1124.7466215873,1
142,26,402.6595282,1122.7295323214,1
143,5,340.046574896,708.7039077816,1
143,6,349.6872178042,710.7796000955,1
143,7,427.2939094495,740.0533143101,3
143,8,371.8609287044,634.0326628796,1
143,9,385.192895537,641.2062667087,1
143,10,392.3798230246,639.6282640497,1
143,11,396.8539764713,335.589491511,1
143,25,415.7750598018,1117.0206400046,1
143,26,401.7925500875,1111.8344003208,1
144,5,334.8683505718,720.9007270056,1
144,6,345.0906196821,720.6746761961,1
144,7,427.2939094495,740.0533143101,3
144,8,363.5574940524,646.8534591982,1
144,9,377.4108665163,651.4101090673,1
144,10,386.6749570016,657.6495436147,1
144,11,397.1034789372,352.2002771353,1
144,25,418.4002849576,1099.6644874569,1
144,26,403.0594920911,1096.8318454899,1
145,5,330.848614372,731.1035098649,1
145,6,342.1775167256,733.1268862634,1
145,7,427.2939094495,740.0533143101,3
145,8,355.1561771228,658.9471150455,1
145,9,369.1599474474,665.6636185273,1
145,10,378.7290390459,671.4262724585,1
145,11,396.2483992804,365.8130238741,1
145,25,416.6535345327,1086.0661581763,1
145,26,403.6218036992,1081.2785005849,1
146,5,326.4201101873,742.9293473241,1
146,6,339.0842069805,746.9311861508,1
146,7,427.2939094495,740.0533143101,3
146,8,347.7072899639,670.7031030673,1
146,9,360.0326893727,679.8507341468,1
146,10,371.2496256789,686.0902805959,1
146,11,395.7022020123,382.8477996475,1
146,25,418.3737424019,1071.985927502,1
146,26,403.0982816824,1070.8675444074,1
147,5,324.4071597466,751.9688488055,1
147,6,336.5447600579,760.084385613,1
147,7,427.2939094495,740.0533143101,3
147,8,341.1838224578,684.7990621913,1
147,9,351.232299759,693.987501256,1
147,10,363.4317504541,700.0237178759,1
147,11,395.3630066644,403.7614913183,1
147,25,416.1641340996,1061.6856420479,1
147,26,399.5889165064,1061.9626643972,1
148,5,323.6969271824,763.9041730548,1
148,6,333.9015491281,769.3595868832,1
148,7,427.2939094495,740.0533143101,3
148,8,336.127022364,699.7765722759,1
148,9,344.9900428026,707.092240818,1
148,10,356.9043629177,714.7558108513,1
148,11,395.2505013335,428.5187431213,1
148,25,419.8651832132,1052.1224043917,1
148,26,399.6447261561,1050.7642591432,1
149,5,322.6716411186,770.3784598978,1
149,6,333.1626114606,779.477576292,1
149,7,427.2939094495,740.0533143101,3
149,8,331.9952970381,718.2035568133,1
149,9,340.1607840433,722.9150863534,1
149,10,351.3062791092,733.8891492254,1
149,11,395.3865782933,450.6313838698,1
149,25,419.4354076462,1038.0223139506,1
149,26,399.1791248521,1044.6823793005,1
150,5,321.710890366,781.0440882322,1
150,6,332.9401626403,788.2982661444,1
150,7,427.2939094495,740.0533143101,3
150,8,327.9529225015,733.5209665193,1
150,9,338.0496799083,739.6151352032,1
150,10,347.7435586143,753.4990163612,1
150,11,394.9917507096,470.5423468346,1
150,12,433.1182388363,252.9798697869,1
150,25,416.3497765676,1024.6588629209,1
150,26,399.9673819087,1030.2620111906,1
151,5,320.7095359731,791.0576974053,1
151,6,334.3077718123,797.9486793086,1
151,7,427.2939094495,740.0533143101,3
151,8,324.5446711914,749.3599720955,1
151,9,337.3916404442,756.825966997,1
151,10,347.5414398586,773.1481116336,1
151,11,394.9974857665,488.7057198224,1
151,12,433.0067797589,260.1751629497,1
151,25,414.7534405439,1008.5283415542,1
151,26,397.791100327,1020.3064272234,1
152,5,321.0786425772,804.2051699305,1
152,6,336.4445832839,810.0816274092,1
152,7,427.2939094495,740.0533143101,3
152,8,322.6526729881,763.0383832397,1
152,9,338.5427922922,772.4630529077,1
152,10,350.5654355652,788.7805113139,1
152,11,393.0150314368,510.317744635,1
152,12,432.2639858831,274.5279462407,1
152,25,413.6587072438,995.4512207768,1
152,26,397.4190893924,1002.5973521866,1
153,5,321.8137901492,817.0312455364,1
153,6,338.7612790653,822.8774691334,1
153,7,427.2939094495,740.0533143101,3
153,8,325.0795609529,779.3688627293,1
153,9,341.8038681094,789.4966853343,1
153,10,356.5572125478,804.9600996917,1
153,11,390.0888451407,532.7769758152,1
153,12,431.440777747,294.7579243777,1
153,25,410.4530136108,982.6816293086,1
153,26,395.4771519899,989.8760151387,1
154,5,322.3745284536,824.9130795528,1
154,6,339.9022352635,835.1346976767,1
154,7,427.2939094495,740.0533143101,3
154,8,331.1714145459,795.7258323799,1
154,9,346.9791007972,806.7222673132,1
154,10,362.2424009024,821.8155287621,1
154,11,384.9351234909,554.1607954961,1
154,12,430.6460435646,316.0563554731,1
154,25,407.0483309297,973.3239620032,1
154,26,394.2656407704,977.2331633138,1
155,5,323.5347780813,836.1121958164,1
155,6,338.8793776235,845.1663832651,1
155,7,427.2939094495,740.0533143101,3
155,8,338.8296319774,813.0211832047,1
155,9,352.9105854231,823.7210037236,1
155,10,366.7918037882,838.2316148922,1
155,11,380.5571105808,574.4078491218,1
155,12,429.0889801871,335.6082435017,1
155,25,408.1200621076,961.9867475489,1
155,26,392.2705057471,961.0815288787,1
156,5,324.2049284041,845.7651582786,1
156,6,337.9595913166,853.9597171727,1
156,7,427.2939094495,740.0533143101,3
156,8,345.4285388922,831.8576866149,1
156,9,358.489114414,838.2364460423,1
156,10,369.1475072674,856.9541427885,1
156,11,374.9751495485,593.2138459088,1
156,12,427.9300087974,348.8539454904,1
156,25,407.8137767646,952.7581665508,1
156,26,392.3356388732,948.5624139727,1
157,5,324.8891692675,858.8781751059,1
157,6,337.3509197498,863.6250566968,1
157,7,427.2939094495,740.0533143101,3
157,8,349.9025495147,852.7489029589,1
157,9,362.9578160534,852.9118184856,1
157,10,371.3277554649,875.4946655199,1
157,11,369.9244375041,615.2783110923,1
157,12,427.3135047892,359.8641703457,1
157,25,408.112743292,936.1560853886,1
157,26,391.9182847347,936.2163550787,1
158,5,324.9720573713,867.7738690813,1
158,6,336.7719749291,873.1070080847,1
158,7,427.2939094495,740.0533143101,3
158,8,352.7062776977,873.7981567618,1
158,9,365.6614234359,870.7593281662,1
158,10,372.7143752355,893.5865322844,1
158,11,364.1649611301,633.5823595549,1
158,12,426.9787551458,369.5619839426,1
158,25,408.0875048328,931.3133485059,1
158,26,391.2271236322,923.5694501471,1
159,5,326.2949226719,879.9608086807,1
159,6,335.8344415784,885.2389523041,1
159,7,427.2939094495,740.0533143101,3
159,8,353.8214356609,892.1154222862,1
159,9,366.7104859425,890.1479519557,1
159,10,374.1485565305,908.1108846485,1
159,11,359.3981095143,648.8806711824,1
159,12,426.3416495459,380.67220666,1
159,25,407.1214897078,910.4862901064,1
159,26,390.3267666799,915.1438309344,1
160,5,326.3134138536,890.7150490429,1
160,6,334.8956392592,897.8013940045,1
160,7,427.2939094495,740.0533143101,3
160,8,355.1576098667,908.8149168924,1
160,9,366.1386189736,909.1159936112,1
160,10,374.717692854,923.8045141424,1
160,11,355.1674087159,665.8610610587,1
160,12,424.1165902072,393.1755226727,1
160,25,405.1355581307,897.714223569,1
160,26,389.2931423047,901.4581083386,1
161,5,326.4223187467,900.9345869755,1
161,6,335.6404879868,910.7312146174,1
161,7,427.2939094495,740.0533143101,3
161,8,355.0922881655,924.6551891082,1
161,9,365.5337907342,925.1529007403,1
161,10,375.7750719003,941.9200900978,1
161,11,351.6076669376,686.335948783,1
161,12,421.2789995513,410.3990930974,1
161,25,400.9327047454,884.303910362,1
161,26,384.9817427188,891.2277137146,1
162,5,325.3278873216,910.3417485384,1
162,6,335.9614254741,922.6582717559,1
162,7,427.2939094495,740.0533143101,3
162,8,355.3796237206,942.6021803149,1
162,9,365.4285951281,941.3912506456,1
162,10,376.6665672662,963.497440111,1
162,11,346.5342013596,705.3269750498,1
162,12,417.8595568156,431.3022885368,1
162,25,398.9235798945,872.2952839403,1
162,26,379.303796994,885.123993252,1
163,5,324.6945876512,921.6279551136,1
163,6,336.4699111403,931.9412961647,1
163,7,427.2939094495,740.0533143101,3
163,8,354.5374841844,960.5734314982,1
163,9,365.8539847208,956.3343399459,1
163,10,378.7706024237,983.6411685535,1
163,11,340.8456086521,723.1498680313,1
163,12,414.6175318922,451.3895077045,1
163,25,394.7296231442,856.3479771625,1
163,26,375.747457587,872.3780140472,1
164,5,324.2293678065,935.7879342501,1
164,6,336.6477095988,942.5908722618,1
164,7,427.2939094495,740.0533143101,3
164,8,353.9743692584,979.1481812545,1
164,9,366.977727292,974.3644341705,1
164,10,382.1831148605,1000.8665262583,1
164,11,334.9905709169,739.136864745,1
164,12,411.400123414,469.2441429881,1
164,25,385.6855384074,845.3245348461,1
164,26,368.1310696003,855.600644878,1
165,5,323.336041673,948.8249282254,1
165,6,336.7696226827,951.164741296,1
165,7,427.2939094495,740.0533143101,3
165,8,353.0248899731,995.8606101902,1
165,9,367.3096601352,991.6133211619,1
165,10,385.7596651964,1015.4188126931,1
165,11,332.5719787026,761.8732373916,1
165,12,408.2003231846,490.115158729,1
165,25,378.7698183713,834.6387444492,1
165,26,360.5084871202,840.6152027038,1
166,5,323.0271052797,959.9717569467,1
166,6,337.013586786,961.9088882284,1
166,7,427.2939094495,740.0533143101,3
166,8,352.8996995496,1013.3020212508,1
166,9,368.4108703473,1009.7155629094,1
166,10,389.3131397589,1028.9746116225,1
166,11,330.4421988875,780.8328811583,1
166,12,404.9825896685,506.4335890552,1
166,25,369.9080793656,825.1846255585,1
166,26,357.09814708,829.1419404003,1
167,5,322.6343986508,970.2484332733,1
167,6,336.6310948578,972.0662225168,1
167,7,427.2939094495,740.0533143101,3
167,8,353.2674941399,1031.5738845992,1
167,9,369.6063655927,1026.9221438335,1
167,10,391.2490384808,1046.2542301822,1
167,11,329.1503753828,804.5273456032,1
167,12,402.2635686399,523.6434800756,1
167,25,362.931328106,812.76614884,1
167,26,351.4182134334,815.7459675872,1
168,5,322.7198901075,979.2020022566,1
168,6,336.9976458992,984.6132687025,1
168,7,427.2939094495,740.0533143101,3
168,8,353.9305109923,1048.8598568013,1
168,9,371.4973865839,1045.2428873455,1
168,10,393.3765381213,1062.4484605248,1
168,11,327.0968993874,821.2293707271,1
168,12,401.5213701456,536.5771762641,1
168,25,356.0108917209,802.1573708342,1
168,26,345.4557891733,808.7924030874,1
169,5,322.848116613,988.5637260093,1
169,6,337.0003633698,996.0475374663,1
169,7,427.2939094495,740.0533143101,3
169,8,354.3390562547,1066.0131764267,1
169,9,372.9330024316,1062.8440910565,1
169,10,394.9099353347,1081.7533683362,1
169,11,328.9964174747,841.0929343628,1
169,12,400.6580104176,551.6248128123,1
169,25,352.0692029096,790.7455708176,1
169,26,342.1084122197,794.1582057256,1
170,5,323.8102560629,999.9335102016,1
170,6,337.2436551947,1004.7925952621,1
170,7,427.2939094495,740.0533143101,3
170,8,356.2352808415,1082.0810814375,1
170,9,374.2781882473,1080.7734808082,1
170,10,397.1750221266,1097.5284312746,1
170,11,329.0588886424,853.8778973443,1
170,12,400.3573664349,567.437856354,1
170,25,350.0169543502,779.7677735508,1
170,26,337.9158166214,783.0315425679,1
171,5,324.5534502567,1011.7056536362,1
171,6,337.4953911829,1014.1307102911,1
171,7,427.2939094495,740.0533143101,3
171,8,358.1616064865,1098.9049742766,1
171,9,375.2235487871,1098.3616309517,1
171,10,398.7988613613,1114.6421224278,1
171,11,329.4743250597,871.0624518349,1
171,12,399.7566057333,581.6870456771,1
171,25,345.5222190524,770.7981281768,1
171,26,335.9423418561,776.092282288,1
172,5,324.7741819046,1022.5078342276,1
172,6,337.7897273393,1023.9686630339,1
172,7,427.2939094495,740.0533143101,3
172,8,361.4597852426,1116.4203044663,1
172,9,375.4175292281,1115.9791692384,1
172,10,400.6361279374,1129.365828499,1
172,11,328.0875689663,886.2148406876,1
172,12,399.0324280309,595.227521602,1
172,25,346.0107982668,759.2823133025,1
172,26,331.2517059045,763.9887773746,1
173,5,324.0927898726,1031.8085711838,1
173,6,338.4451672803,1036.063650938,1
173,7,427.2939094495,740.0533143101,3
173,8,362.9902981187,1134.2015868135,1
173,9,376.2507927742,1133.470024301,1
173,10,400.6906824619,1145.0625338419,1
173,11,328.3947391647,904.1886549203,1
173,12,397.6391371014,608.4438995974,1
173,25,346.3211768802,748.084496716,1
173,26,328.7335288016,750.1520743749,1
174,5,323.3253177868,1040.7790856975,1
174,6,339.0625305842,1046.8839654095,1
174,7,427.2939094495,740.0533143101,3
174,8,364.474179669,1152.521182156,1
174,9,377.2362812136,1150.8752154218,1
174,10,399.9690610595,1160.13168184,1
174,11,329.1491450117,921.1662456914,1
174,12,393.6699012341,621.5680144984,1
174,25,349.5203376525,735.9344252073,1
174,26,328.2347193872,737.9233384453,1
175,5,324.1308562383,1053.4308637469,1
175,6,340.1181251581,1057.9822404599,1
175,7,427.2939094495,740.0533143101,3
175,8,364.2653899215,1169.6545757818,1
175,9,379.2655065537,1168.5756045089,1
175,10,398.742713373,1177.1863566418,1
175,11,329.4760863578,940.2243643864,1
175,12,389.4920239758,641.1977313987,1
175,25,350.439797396,727.5883237807,1
175,26,328.1150425208,726.1162878655,1
176,5,325.1457399012,1065.2736901,1
176,6,340.3888649745,1069.3013715962,1
176,7,427.2939094495,740.0533143101,3
176,8,364.858984752,1187.0620540163,1
176,9,380.3710736318,1186.2942244623,1
176,10,397.8994358269,1194.0952758417,1
176,11,328.9382820258,957.8748834355,1
176,12,384.9558883514,660.0628583188,1
176,25,351.9392735457,722.4605222989,1
176,26,331.1983037467,714.5688532902,1
177,5,326.4909142523,1077.5864434112,1
177,6,339.5942846943,1079.373076187,1
177,7,427.2939094495,740.0533143101,3
177,8,365.1175527769,1204.5682433621,1
177,9,380.8484859564,1204.111142342,1
177,10,396.972448732,1212.6480602651,1
177,11,328.7420259005,972.9122781914,1
177,12,380.3834733544,678.7432441882,1
177,25,352.1415646969,705.9558806083,1
177,26,334.2238082083,694.4766716001,1
178,5,327.395773305,1090.2146057166,1
178,6,338.5535966592,1089.7030202945,1
178,7,427.2939094495,740.0533143101,3
178,8,366.1719351877,1223.0708287488,1
178,9,380.9082549794,1224.4660433677,1
178,10,397.0787914508,1231.7498792526,1
178,11,329.6934874922,985.7203234962,1
178,12,374.2707250351,694.4376071758,1
178,25,353.592314552,688.6001944423,1
178,26,336.7510469987,680.3012157035,1
179,5,327.7946750599,1102.133247802,1
179,6,337.5082084299,1100.8073098447,1
179,7,427.2939094495,740.0533143101,3
179,8,366.8688313244,1242.2195217473,1
179,9,380.585602567,1243.8243423613,1
179,10,396.9334727763,1250.6374886584,1
179,11,333.7638483665,999.9397109335,1
179,12,368.5136892653,708.7670073929,1
179,25,360.6364222631,686.9006660141,1
179,26,339.7127267383,663.6889448589,1
180,5,327.4568767652,1113.5802775633,1
180,6,337.5651962682,1111.3183324816,1
180,7,427.2939094495,740.0533143101,3
180,8,367.8654585439,1260.5080857945,1
180,9,380.6823945072,1261.7870232457,1
180,10,397.3539194438,1269.0194458929,1
180,11,337.7314083811,1018.6786773702,1
180,12,362.0675369355,722.5741070616,1
180,25,362.9511228363,664.9406183869,1
180,26,341.1247936669,648.169085216,1
181,5,326.7575162347,1123.000134698,1
181,6,337.1356198206,1121.8616055857,1
181,7,427.2939094495,740.0533143101,3
181,8,368.0652470235,1269.5438887185,1
181,9,380.5306351686,1269.7302707153,1
181,10,396.8461961722,1276.8119140951,1
181,11,340.2017426204,1036.0383663433,1
181,12,355.8138119182,736.2404472588,1
181,25,367.5288352321,649.6260829458,1
181,26,347.28059001,644.1239216721,1
182,5,326.5689140765,1132.8602541681,1
182,6,337.2209267131,1132.321853446,1
182,7,427.2939094495,740.0533143101,3
182,11,342.3177226051,1051.3169934669,1
182,12,350.1522150829,750.0386246169,1
182,25,370.2762725631,636.6616519848,1
182,26,348.9791227765,626.6259420493,1
183,5,327.1257605414,1143.5491303716,1
183,6,337.8897981354,1144.76914059,1
183,7,427.2939094495,740.0533143101,3
183,11,345.2442050108,1064.716614617,1
183,12,346.1856534772,766.7075613201,1
183,25,373.9732799975,620.7192029445,1
183,26,355.9286954924,619.4142312217,1
184,5,326.5885747044,1153.4681715732,1
184,6,338.4410474297,1156.2271741387,1
184,7,427.2939094495,740.0533143101,3
184,11,349.7790046708,1078.8566218057,1
184,12,345.3099563136,785.7544889075,1
184,25,379.9221051071,620.2256789655,1
184,26,362.2881635141,615.1624233609,1
185,5,326.2064719489,1163.2524975966,1
185,6,339.087162422,1168.0496809178,1
185,7,427.2939094495,740.0533143101,3
185,11,354.1401118189,1093.9906873646,1
185,12,344.6661379249,803.4475745465,1
185,25,388.1179317254,611.5637591121,1
185,26,367.9429901053,604.9039920616,1
186,5,325.2701080415,1172.4109576059,1
186,6,339.3948225959,1178.5493315443,1
186,7,427.2939094495,740.0533143101,3
186,11,358.3769515446,1108.7963960001,1
186,12,346.3910725124,819.455381204,1
186,25,391.969163562,592.2224778364,1
186,26,372.9661754317,592.9952278006,1
187,5,324.3991880254,1181.841233997,1
187,6,339.6265326974,1188.7816524468,1
187,7,427.2939094495,740.0533143101,3
187,11,361.9645105727,1124.2952363453,1
187,12,347.4183356566,830.3783917653,1
187,25,399.0391684909,577.670405706,1
187,26,382.416184672,579.6872184135,1
188,5,323.815422638,1192.9961855136,1
188,6,339.2398152388,1196.8678412886,1
188,7,427.2939094495,740.0533143101,3
188,11,364.5708495124,1140.925002821,1
188,12,349.78761789,844.0503626568,1
188,25,401.6798286786,560.8181193096,1
188,26,384.8333834655,567.5521348654,1
189,5,323.6597086703,1204.8247335315,1
189,6,338.7162344063,1206.1082924886,1
189,7,427.2939094495,740.0533143101,3
189,11,365.5315464153,1155.7957862447,1
189,12,350.9541626194,856.2293200112,1
189,25,406.7417603443,541.7669937686,1
189,26,389.3958332642,558.2554962585,1
190,5,324.9925604183,1217.238048822,1
190,6,338.5270189397,1217.7527571073,1
190,7,427.2939094495,740.0533143101,3
190,11,365.5167293845,1172.5615750869,1
190,12,352.4671779094,870.2178301258,1
190,25,410.3607461127,540.2449107972,1
190,26,396.6507254116,536.9432189937,1
191,5,325.2023609892,1228.7229194871,1
191,6,338.5193764865,1230.0415018565,1
191,7,427.2939094495,740.0533143101,3
191,11,365.5497169571,1188.1332787952,1
191,12,353.036723636,884.9183708472,1
191,25,415.4318887908,527.8546249643,1
191,26,394.3741326745,524.4824692178,1
192,5,325.2925538112,1240.3954716001,1
192,6,337.2656314698,1242.7149441769,1
192,7,427.2939094495,740.0533143101,3
192,11,364.7333289058,1206.0232245068,1
192,12,354.3707089738,901.1129807648,1
192,25,419.5784168774,512.883773577,1
192,26,395.0718239824,525.2667647166,1
193,5,324.2531062933,1251.6630920101,1
193,6,335.3844459432,1255.3867851176,1
193,7,427.2939094495,740.0533143101,3
193,11,363.6205763694,1222.4742701022,1
193,12,355.7733011062,914.0805788857,1
193,25,416.4558196224,504.559456445,1
193,26,395.5551372446,508.8439183813,1
194,5,323.3055800415,1262.8013096509,1
194,6,333.8553954001,1268.4425847708,1
194,7,427.2939094495,740.0533143101,3
194,11,361.6803826077,1239.950935256,1
194,12,356.8399434183,927.6120338627,1
194,25,418.0836233143,496.910123369,1
194,26,400.1507917668,493.3963932545,1
195,5,322.4747639466,1274.0065869062,1
195,6,333.4295456298,1279.170230389,1
195,7,427.2939094495,740.0533143101,3
195,11,361.0673003298,1248.8831828502,1
195,12,357.8715477833,939.5004816331,1
195,25,421.0782685788,486.4979618796,1
195,26,402.3457832645,482.3982134808,1
195,27,254.7756641609,1263.8032731435,1
196,5,321.9753329776,1279.5470487997,1
196,6,333.5819464571,1284.2522257292,1
196,7,427.2939094495,740.0533143101,3
196,12,358.2188619504,956.1360198613,1
196,25,422.1916369423,476.1312218592,1
196,26,403.9349771612,472.2129012721,1
196,27,260.0192092076,1251.5674786894,1
197,7,427.2939094495,740.0533143101,3
197,12,357.6314481855,973.0442073893,1
197,25,424.6996145982,462.843830906,1
197,26,406.0764650211,458.0946057918,1
197,27,263.0575020033,1229.2997291386,1
198,7,427.2939094495,740.0533143101,3
198,12,356.8073730419,991.9763491444,1
198,25,425.2150203921,446.8495945302,1
198,26,406.0624622683,441.0750923506,1
198,27,266.0339486813,1217.3909808145,1
199,7,427.2939094495,740.0533143101,3
199,12,357.2455686747,1011.2846690177,1
199,25,423.0074643404,438.9946732028,1
199,26,406.5327133643,430.392065163,1
199,27,264.6261659079,1200.4947362581,1
200,7,427.2939094495,740.0533143101,3
200,12,358.5245017821,1028.3394985318,1
200,25,423.8382168045,433.0049177226,1
200,26,406.434937661,421.1077879533,1
200,27,269.3677893396,1180.8949170368,1
201,7,427.2939094495,740.0533143101,3
201,12,360.7343958719,1042.797123884,1
201,25,425.1896828197,418.0911504015,1
201,26,406.645438798,405.3344883205,1
201,27,268.6583235278,1162.1854890391,1
202,7,427.2939094495,740.0533143101,3
202,12,360.8231501535,1055.5883715519,1
202,25,424.1085796436,403.7952451765,1
202,26,407.5882836752,393.195424581,1
202,27,270.782786161,1144.1013834703,1
203,7,427.2939094495,740.0533143101,3
203,12,360.4228835358,1068.7192985855,1
203,25,425.8919735339,394.6749558068,1
203,26,406.7619683875,379.4312910757,1
203,27,271.9587430455,1126.7916396264,1
204,7,427.2939094495,740.0533143101,3
204,12,359.0850852905,1084.1858659219,1
204,25,426.0317860668,383.0454339237,1
204,26,406.4345798759,363.6823131916,1
204,27,273.8260570608,1109.8408917013,1
205,7,427.2939094495,740.0533143101,3
205,12,358.6913225899,1098.7744970394,1
205,25,424.6849319861,367.4515007099,1
205,26,404.2765784152,346.1269891812,1
205,27,274.6720007752,1093.9569963119,1
206,7,427.2939094495,740.0533143101,3
206,12,356.730235506,1114.7827867588,1
206,25,425.0866595701,356.7210644467,1
206,26,403.3774355879,339.0304423914,1
206,27,272.5467590716,1074.3442026872,1
207,7,427.2939094495,740.0533143101,3
207,12,354.7080952255,1128.4221754435,1
207,25,423.4922477934,341.3105936945,1
207,26,401.3905075118,329.1935741117,1
207,27,274.9536433295,1060.9239279251,1
208,7,427.2939094495,740.0533143101,3
208,12,353.0085669667,1144.8976444929,1
208,25,422.3397925131,325.5411570961,1
208,26,399.9757376627,320.7406925908,1
208,27,280.8005788451,1042.0956330338,1
209,7,427.2939094495,740.0533143101,3
209,12,352.745379892,1160.3590488268,1
209,25,422.4181974517,311.4331207418,1
209,26,399.0760189206,305.7259210717,1
209,27,283.6729879691,1030.8902237991,1
210,7,427.2939094495,740.0533143101,3
210,12,351.8928412329,1177.9034535202,1
210,25,421.816926486,298.612773521,1
210,26,403.4464951431,293.8110141122,1
210,27,288.7596175446,1018.3336853594,1
211,7,427.2939094495,740.0533143101,3
211,12,349.844472927,1193.9825583133,1
211,25,421.8920042909,284.0294376094,1
211,26,405.1684715393,282.0805698191,1
211,27,294.3604635915,1010.5656212153,1
212,7,427.2939094495,740.0533143101,3
212,12,347.7603122361,1209.5755407107,1
212,25,422.5188562343,271.3518130748,1
212,26,406.549825345,267.7079708922,1
212,27,296.8239454571,987.8400526901,1
213,7,427.2939094495,740.0533143101,3
213,12,345.1356052451,1225.2851765866,1
213,25,422.8481051161,256.2435793113,1
213,26,409.3080373639,252.0352191176,1
213,27,300.4535203155,971.8040918947,1
213,28,304.9472364454,1282.5207445743,1
214,7,427.2939094495,740.0533143101,3
214,12,342.2382221399,1242.2156108697,1
214,25,426.968631714,252.6238902039,1
214,26,411.5318815407,235.2692658915,1
214,27,304.5923926034,957.4939493633,1
214,28,304.3944289224,1266.6743455135,1
215,7,427.2939094495,740.0533143101,3
215,12,339.9553923808,1257.3872759355,1
215,25,429.6075131788,237.6241669158,1
215,26,412.3940429599,227.2386365753,1
215,27,304.470092753,939.3034306584,1
215,28,306.8541968424,1252.5997755886,1
216,7,427.2939094495,740.0533143101,3
216,12,338.705403219,1265.3012403338,1
216,25,431.0991635115,213.7820355817,1
216,26,412.3890683447,218.3665024662,1
216,27,306.1941533659,925.9109160656,1
216,28,310.5070922137,1240.5252663244,1
217,7,427.2939094495,740.0533143101,3
217,25,431.9813099812,195.0864780261,1
217,26,414.0312056008,207.3561854297,1
217,27,311.3412796781,912.6488757329,1
217,28,314.7978849907,1232.6908756601,1
218,7,427.2939094495,740.0533143101,3
218,25,434.3373749463,184.0614935612,1
218,26,417.9850741462,195.8617780819,1
218,27,314.7360235391,895.1867698266,1
218,28,318.5412465068,1223.9743382568,1
219,7,427.2939094495,740.0533143101,3
219,25,437.4009658521,166.9134019554,1
219,26,422.3307342228,186.0099614445,1
219,27,319.2470982257,881.7692796016,1
219,28,322.1636639525,1208.6619146891,1
220,7,427.2939094495,740.0533143101,3
220,25,439.265718058,153.0445999216,1
220,26,424.7893717645,180.0686074352,1
220,27,328.2840158195,872.586994205,1
220,28,332.2569032834,1197.8796254298,1
221,7,427.2939094495,740.0533143101,3
221,26,429.2588304453,171.9040344608,1
221,27,338.7869856493,865.2459422854,1
221,28,337.3235645812,1177.4804616174,1
222,7,427.2939094495,740.0533143101,3
222,27,351.2844477627,858.4028244046,1
222,28,343.596539836,1161.6044984616,1
223,7,427.2939094495,740.0533143101,3
223,27,367.9914146777,852.6857019562,1
223,28,349.8275555955,1146.7054260699,1
224,7,427.2939094495,740.0533143101,3
224,27,387.0929347389,851.7934819812,1
224,28,352.9263299794,1132.076923694,1
225,7,427.2939094495,740.0533143101,3
225,27,399.8917013055,845.4544133412,1
225,28,360.0816647892,1119.5824181299,1
226,7,427.2939094495,740.0533143101,3
226,27,417.3927759291,850.3781954771,1
226,28,369.844528593,1111.2967191382,1
227,7,427.2939094495,740.0533143101,3
227,27,435.4793236505,853.8236281384,1
227,28,374.8318739729,1096.1916593255,1
228,7,427.2939094495,740.0533143101,3
228,27,449.8365642672,856.1603108288,1
228,28,378.6553789572,1079.518063032,1
229,7,427.2939094495,740.0533143101,3
229,27,467.6275101406,851.3403611898,1
229,28,385.5924450273,1066.2501767715,1
230,7,427.2939094495,740.0533143101,3
230,27,479.7605317327,860.3704341501,1
230,28,391.643067441,1054.6777095094,1
231,7,427.2939094495,740.0533143101,3
231,28,392.2383352295,1038.4993816488,1
231,29,391.19886947,1276.8622870265,1
231,30,375.7250084567,1275.8485579404,1
232,7,427.2939094495,740.0533143101,3
232,28,397.3323022659,1027.2892632535,1
232,29,392.4443345661,1252.8881715269,1
232,30,377.9309470464,1257.8287828187,1
233,7,427.2939094495,740.0533143101,3
233,28,399.675712209,1004.1504603829,1
233,29,395.3899564672,1235.206160571,1
233,30,380.4694201345,1240.4530032358,1
234,7,427.2939094495,740.0533143101,3
234,28,402.8674033654,1000.5105127747,1
234,29,396.9955854373,1218.3330870505,1
234,30,382.5467882297,1228.2184048978,1
235,7,427.2939094495,740.0533143101,3
235,28,408.7289710762,983.3462626994,1
235,29,397.9619218742,1203.8622258452,1
235,30,383.824479154,1207.8676330962,1
236,7,427.2939094495,740.0533143101,3
236,28,410.1290941056,959.1863629192,1
236,29,397.9162197186,1184.9227262965,1
236,30,384.4838326431,1186.3026536981,1
237,7,427.2939094495,740.0533143101,3
237,28,414.2645401922,941.8345010456,1
237,29,400.0625752296,1169.5674528688,1
237,30,384.4648622102,1170.0263584686,1
238,7,427.2939094495,740.0533143101,3
238,28,418.4155845141,936.2728391896,1
238,29,403.176311132,1150.9189424032,1
238,30,387.1582158764,1158.2625627987,1
239,7,427.2939094495,740.0533143101,3
239,28,425.1927405192,920.7993488002,1
239,29,402.8611186588,1137.9715316505,1
239,30,387.5670852476,1140.7281402666,1
240,7,427.2939094495,740.0533143101,3
240,28,431.8326657826,916.3189747295,1
240,29,405.2980317587,1121.1666399899,1
240,30,388.7006951599,1125.7801200836,1
241,7,427.2939094495,740.0533143101,3
241,28,437.5658650868,904.6111637489,1
241,29,406.0335320162,1105.4290326424,1
241,30,391.9088038408,1107.3031672944,1
242,7,427.2939094495,740.0533143101,3
242,29,407.542060857,1093.9765704782,1
242,30,393.3548285154,1088.5847256372,1
243,7,427.2939094495,740.0533143101,3
243,29,412.5507449546,1073.9215955272,1
243,30,395.9162704689,1067.0406785559,1
244,7,427.2939094495,740.0533143101,3
244,29,412.121136446,1054.2911529402,1
244,30,398.0597402497,1053.1647652492,1
245,7,427.2939094495,740.0533143101,3
245,29,414.518535047,1046.1468633389,1
245,30,403.6614733204,1039.4644853721,1
246,7,427.2939094495,740.0533143101,3
246,29,417.3735669228,1030.1312064789,1
246,30,407.2790988284,1024.6409707856,1
247,7,427.2939094495,740.0533143101,3
247,29,426.6077494446,1018.4927183901,1
247,30,418.3359096569,1008.4053011159,1
248,7,427.2939094495,740.0533143101,3
248,13,425.6304878488,236.3423733972,1
248,29,440.0464422562,1021.115724175,1
248,30,432.3578150239,999.8562966945,1
249,7,427.2939094495,740.0533143101,3
249,13,425.0029659789,246.9344080165,1
249,30,444.5630986549,995.0066753156,1
250,7,427.2939094495,740.0533143101,3
250,13,422.4800058989,264.0991997048,1
251,7,427.2939094495,740.0533143101,3
251,13,419.9527823136,282.2407869702,1
252,7,427.2939094495,740.0533143101,3
252,13,417.0025006194,299.0393597264,1
253,7,427.2939094495,740.0533143101,3
253,13,414.8881115959,313.7867629259,1
254,7,427.2939094495,740.0533143101,3
254,13,414.0409270004,330.595102607,1
255,7,427.2939094495,740.0533143101,3
255,13,413.5753238148,341.7276914393,1
256,7,427.2939094495,740.0533143101,3
256,13,413.2626787324,357.0592747224,1
257,7,427.2939094495,740.0533143101,3
257,13,412.1647959944,375.5512879224,1
258,7,427.2939094495,740.0533143101,3
258,13,410.2756455788,394.3742905848,1
259,7,427.2939094495,740.0533143101,3
259,13,407.6059047145,412.4271879041,1
260,7,427.2939094495,740.0533143101,3
260,13,404.3446456762,426.0113072611,1
261,7,427.2939094495,740.0533143101,3
261,13,399.7442986673,440.681393103,1
262,7,427.2939094495,740.0533143101,3
262,13,395.7390349193,457.6674719041,1
263,7,427.2939094495,740.0533143101,3
263,13,391.8986211791,472.9712072496,1
264,7,427.2939094495,740.0533143101,3
264,13,386.711521655,489.1985402808,1
265,7,427.2939094495,740.0533143101,3
265,13,379.8152282359,499.8879277487,1
266,7,427.2939094495,740.0533143101,3
266,13,372.1741870139,519.0197918811,1
267,7,427.2939094495,740.0533143101,3
267,13,365.2254254684,533.4504647873,1
268,7,426.4534428253,740.5402815666,3
268,13,358.5039024638,553.468835661,1
269,7,424.7749787859,741.5127853313,3
269,13,351.7445200229,564.4018160799,1
270,7,422.1299586341,742.9776751667,3
270,13,345.1817908394,583.2863493192,1
271,7,417.6387502425,745.4115481207,3
271,13,338.9976260552,596.2549398842,1
272,7,410.7619287466,750.3861914162,3
272,13,334.1045736735,613.3420784177,1
273,7,400.7958478898,756.54658546,3
273,13,329.9093315629,623.4248856278,1
274,7,388.6550596473,767.6253856204,3
274,13,325.1164085052,633.8548851056,1
275,7,376.8213420715,781.9636527917,3
275,13,320.7973730634,645.5783597479,1
276,7,364.3596844427,798.3146221107,3
276,13,317.5473794832,662.8393777093,1
277,7,353.3450214981,819.2506634576,3
277,13,316.6877332483,682.0228772361,1
278,7,343.3543362648,844.1562744083,3
278,13,316.4255360268,700.8440690869,1
279,7,336.8533719504,876.5457087166,3
279,13,314.7436261975,718.8471426664,1
280,7,333.176145516,911.4555302941,3
280,13,311.1672247258,737.302835881,1
281,7,329.7264229598,944.2535824627,3
281,13,307.5389850846,753.115106238,1
282,7,326.5187296147,979.4954505858,3
282,13,304.2111124085,769.1973047351,1
283,7,322.4394334763,1011.6408814349,3
283,13,301.9472869867,787.6652041761,1
284,7,319.9495027891,1049.027577447,3
284,13,299.27789561,807.083773362,1
285,7,316.0966650126,1087.0143375323,3
285,13,298.074343794,826.1526774973,1
286,7,310.0271487027,1130.4459250594,3
286,13,296.8294571139,843.1574461553,1
287,7,303.1838482249,1174.0731229672,3
287,13,296.0983764583,860.8682876837,1
288,7,296.0009673954,1218.233498135,3
288,13,294.9701850946,877.863065628,1
289,7,293.8242439968,1239.1898075403,3
289,13,294.5367423931,892.3883237343,1
290,13,293.7227697039,906.1656744445,1
291,13,293.5663621157,921.817445305,1
292,13,293.2896463812,941.2808139256,1
293,13,293.2512002956,959.275865938,1
294,13,292.2605548278,976.7225441619,1
295,13,289.700970834,989.682696951,1
296,13,287.9679391223,1005.7103340092,1
297,13,286.4237806025,1021.2983710714,1
298,13,285.9616352741,1040.9134150703,1
298,31,428.6089583946,1016.8267723038,1
299,13,285.1070939795,1059.4339144548,1
299,31,414.9782650844,1031.5632970207,1
300,13,284.9860597395,1078.9052676232,1
300,31,408.5369850396,1048.7287469122,1
301,13,284.1058885965,1096.5130881426,1
301,31,399.8461010823,1056.3955646543,1
302,13,282.8504537895,1113.0411085297,1
302,31,392.2062361963,1074.0474002871,1
303,13,280.8591625729,1130.1047583281,1
303,31,390.1534109205,1090.9227361354,1
304,13,279.7151844984,1146.7315587168,1
304,31,388.5568806826,1111.0949877425,1
305,13,278.1359595433,1161.9968786221,1
305,31,385.4867374625,1131.5754389421,1
306,13,276.9980958448,1176.7761733118,1
306,31,384.2624656855,1143.859175477,1
307,13,274.5103193426,1191.7190950212,1
307,31,384.4414892394,1168.4689103279,1
308,13,272.1179255205,1207.6090114666,1
308,31,383.0430920943,1177.4420888912,1
309,13,269.2404697796,1224.6318077252,1
309,31,382.0833378905,1203.1517605598,1
310,13,266.9547608701,1241.6049751937,1
310,31,376.8940692597,1222.2500301594,1
311,13,264.0099356128,1259.9527118853,1
311,31,377.62313239,1239.4953692366,1
312,13,262.4553279072,1267.6451062122,1
312,14,407.3270844787,21.753183053,1
312,15,425.348468999,13.8089084623,1
312,16,438.1904269927,17.4013930688,1
312,31,371.519514337,1257.5972132562,1
313,14,403.5937315103,28.9826118355,1
313,15,423.4485913407,20.952978932,1
313,16,435.6616095063,27.9492775803,1
313,31,372.8150272214,1276.5630100833,1
314,14,396.5948755437,44.0052366549,1
314,15,419.2653458139,33.1615294322,1
314,16,430.927793769,46.8125173654,1
314,31,373.6064559135,1296.0782551757,1
315,14,392.3225527913,56.9404124953,1
315,15,415.6314713097,50.4269332878,1
315,16,426.0277971744,65.3724951358,1
316,14,388.5126865675,64.7222090793,1
316,15,410.8325826992,64.8129548652,1
316,16,420.7169912781,77.0621354517,1
317,14,385.9183703347,75.6223835763,1
317,15,405.9723414799,78.618890828,1
317,16,416.1331123761,84.1762744425,1
318,14,383.0175414206,87.8269256395,1
318,15,401.4544761387,90.2247349786,1
318,16,412.746039026,92.3482207114,1
319,14,380.5427655322,108.0016193222,1
319,15,397.3670350498,104.9875141641,1
319,16,410.2483303299,107.1714143549,1
320,14,377.2921865228,123.2387527874,1
320,15,394.2371146649,119.7759865279,1
320,16,407.637330173,128.0386970097,1
321,14,374.0603212773,137.622193855,1
321,15,390.9848744513,138.0187156533,1
321,16,404.7534881894,147.1364136911,1
322,14,371.6593984109,151.5327368575,1
322,15,388.3893092429,156.4542164454,1
322,16,403.7402853289,160.7641620662,1
323,14,368.8549888145,160.9590469283,1
323,15,385.1492547299,174.0502363761,1
323,16,404.2986596653,171.6430625264,1
324,14,367.2436935307,176.895371006,1
324,15,382.3542499623,190.1610746474,1
324,16,405.1645302652,181.2289527188,1
325,14,364.8259187108,197.3150159865,1
325,15,380.4575373094,203.7640960486,1
325,16,404.9981539575,193.0583839274,1
326,14,363.9220178448,223.420384553,1
326,15,380.6358266233,220.2028869144,1
326,16,404.3757255665,206.3681495909,1
327,14,363.0741745462,246.4206412143,1
327,15,381.5216688173,235.5913338847,1
327,16,404.6452516045,225.3546184066,1
328,14,363.0092180211,260.1728664825,1
328,15,382.7564764616,251.6314839618,1
328,16,405.277105643,246.7672603994,1
329,14,363.6055445756,278.5208859494,1
329,15,383.4060519204,268.6459016659,1
329,16,405.8767173739,267.2730290821,1
330,14,363.9173793774,294.8832971736,1
330,15,384.5321272897,282.8981109449,1
330,16,405.7127890543,284.6393242784,1
331,14,364.3683663622,313.1943914207,1
331,15,385.4174785976,298.4079345542,1
331,16,405.3048466686,303.2615860373,1
332,14,365.3482390428,328.8127021944,1
332,15,385.7933513969,309.7919767443,1
332,16,404.5325506206,322.2942903626,1
333,14,366.5284907456,344.6343103131,1
333,15,386.4637095089,327.1449346895,1
333,16,403.9328023398,339.1293877975,1
333,32,373.1375148294,1278.3806114709,1
334,14,367.7334209384,360.7024243791,1
334,15,386.2042807897,339.4073917315,1
334,16,403.8428760242,350.547977611,1
334,32,374.8097765437,1266.9816721164,1
334,33,378.4446802588,1292.6240713484,1
334,34,397.3853889532,1297.4166439127,1
335,14,367.9125221638,376.9879012958,1
335,15,386.9453967097,355.8820684019,1
335,16,404.3514833196,363.2006157322,1
335,32,374.6372730405,1257.6136902892,1
335,33,382.5580029893,1280.6405159514,1
335,34,397.6455002279,1280.0557314311,1
335,36,355.1345387485,1279.5009084781,1
335,37,337.8014129494,1282.3832044243,1
336,14,368.0907992296,392.9691875864,1
336,15,386.2744229272,374.4702773022,1
336,16,404.0748981762,380.4741935394,1
336,32,378.4233615326,1248.0409921912,1
336,33,381.9772219486,1260.7159142013,1
336,34,399.4215650508,1269.968672774,1
336,36,352.3599156669,1260.207752514,1
336,37,337.9547698288,1263.5356987079,1
337,14,367.7572279514,405.9527527281,1
337,15,386.688974701,396.7734888979,1
337,16,404.6245236491,399.563876108,1
337,32,379.3677665268,1232.887258197,1
337,33,383.8420273507,1247.432050423,1
337,34,398.488605709,1254.1738220218,1
337,36,350.212313674,1238.4611252631,1
337,37,335.8285311779,1244.0425970341,1
338,14,366.9322559924,418.6605840512,1
338,15,386.178705184,417.5724738738,1
338,16,404.9590747663,420.6315388263,1
338,32,381.3241819144,1220.2068162906,1
338,33,386.3240451544,1238.2941383843,1
338,34,399.3801030047,1242.6637075783,1
338,36,350.4431835736,1224.3421711219,1
338,37,335.4845580539,1231.4930694911,1
339,14,366.4384996634,431.1008417876,1
339,15,386.5774252503,435.2839834638,1
339,16,406.4047911959,435.8328119361,1
339,32,384.5775151563,1209.8993302721,1
339,33,389.0185702515,1225.4765683353,1
339,34,400.8560342964,1229.2451129067,1
339,36,350.3843506704,1211.0613564401,1
339,37,335.0504083834,1211.2280924789,1
340,14,367.3360872378,449.473128311,1
340,15,386.786402803,452.6606195666,1
340,16,407.3283745208,454.8981532583,1
340,32,384.8624758405,1201.7407292993,1
340,33,390.2930101027,1212.8684362143,1
340,34,402.7235152238,1213.7100358161,1
340,36,347.8825258682,1192.0462406588,1
340,37,335.3153266721,1196.2785360929,1
341,14,367.7413577738,464.8839517489,1
341,15,386.6772844384,470.4038148032,1
341,16,407.8793823091,471.6983099812,1
341,32,387.7591042473,1186.1663070179,1
341,33,392.9424549808,1196.8396741724,1
341,34,403.7878190245,1204.0532283137,1
341,36,349.3729420274,1173.6134581628,1
341,37,336.1306858271,1181.3089776973,1
342,14,368.5610200445,481.658871708,1
342,15,386.6541256065,489.2846626282,1
342,16,407.7953103099,491.9221725163,1
342,32,387.9903762247,1173.4729814464,1
342,33,394.6824100875,1192.3485993209,1
342,34,406.9988833188,1190.0987426745,1
342,36,347.5321594035,1154.2302338871,1
342,37,337.6525070735,1164.4392881546,1
343,14,368.6831611612,499.632714132,1
343,15,386.605597979,507.350032561,1
343,16,406.7825222852,511.0435332547,1
343,32,391.3439440308,1159.4252374468,1
343,33,395.0435988852,1172.9822212165,1
343,34,407.1887628744,1180.1324557192,1
343,36,348.8208170908,1139.8944300591,1
343,37,334.8219801588,1147.4566742451,1
344,14,369.2041926231,516.1187472146,1
344,15,386.9444524325,524.0591468114,1
344,16,405.2191518698,527.65211773,1
344,32,390.8054035432,1147.2294611717,1
344,33,394.6997569194,1163.3235775828,1
344,34,409.459253173,1170.6186570478,1
344,36,351.800928374,1124.1162462229,1
344,37,338.9222923122,1130.396672236,1
345,14,368.7409939925,539.9827776347,1
345,15,387.5198975631,538.7070098565,1
345,16,404.1863573296,544.5173777296,1
345,32,392.6707477442,1132.1758531262,1
345,33,395.7723382398,1150.0619843403,1
345,34,412.8879432952,1158.2849399172,1
345,36,352.1483860713,1109.5584454603,1
345,37,337.7910285899,1108.1953395378,1
346,14,367.8085822356,558.6444538176,1
346,15,387.0989962529,553.4102634759,1
346,16,403.6301418977,561.8288210782,1
346,32,394.051854357,1121.6435030847,1
346,33,399.4666487733,1145.8207443741,1
346,34,413.3240950913,1145.9196966263,1
346,36,353.474965075,1092.5325428544,1
346,37,339.6847894266,1095.4721159773,1
347,14,367.5900191663,582.5473831512,1
347,15,386.8157772863,570.0912962089,1
347,16,402.973898858,578.8767782815,1
347,32,395.9874891327,1108.9168160248,1
347,33,401.6920253193,1130.1626504276,1
347,34,413.6412191452,1128.6619381394,1
347,36,355.6145877881,1075.7781963252,1
347,37,342.0302591375,1072.5119045005,1
348,14,368.5648000296,599.882479118,1
348,15,386.0209102912,587.6103520285,1
348,16,401.8325383913,597.4378866619,1
348,32,395.886882614,1093.4472364324,1
348,33,402.1865794146,1113.8743418731,1
348,34,416.7772276457,1117.7801735116,1
348,36,356.8252448084,1060.4331449971,1
348,37,343.350541192,1059.8099473468,1
349,14,369.7273093796,615.5682653802,1
349,15,386.1177909032,606.7007344547,1
349,16,399.7744468066,613.3332923905,1
349,32,399.0853345478,1084.0879801369,1
349,33,405.1319510274,1104.5189029938,1
349,34,417.7844498863,1105.9417044417,1
349,35,380.5556863794,1280.0138528014,1
349,36,354.1853739435,1044.5895431886,1
349,37,343.4127831013,1045.6057868012,1
350,14,370.9986636231,630.7547705293,1
350,15,385.8203522038,625.470539954,1
350,16,398.5728434785,628.7670728564,1
350,32,398.4403753377,1069.7083237049,1
350,33,404.2402460827,1084.2145392172,1
350,34,416.5910363032,1093.4313237191,1
350,35,385.7973602744,1259.5350497025,1
350,36,356.6167977719,1032.5266644326,1
350,37,343.6367144192,1032.1049071268,1
351,14,370.2884773843,645.6512243894,1
351,15,384.9396192273,641.8973308347,1
351,16,397.8347246416,643.6710574193,1
351,32,398.5516399626,1058.1786514395,1
351,33,404.5772962451,1080.2297559754,1
351,34,416.0559158931,1080.8918507187,1
351,35,387.74317762,1246.1945629304,1
351,36,359.1831653828,1014.9698453962,1
351,37,343.6714936038,1014.9495193225,1
352,14,370.4062548116,663.8961905816,1
352,15,383.3733259676,660.1172657673,1
352,16,398.0714249487,662.8416550201,1
352,32,399.5776883078,1048.0350444719,1
352,33,403.5327275237,1066.0129157147,1
352,34,416.912762607,1068.6883750274,1
352,35,388.495695052,1225.470483238,1
352,36,357.3390973096,999.2010988754,1
352,37,342.7440538613,997.1516384901,1
353,14,370.2091143792,681.3054689441,1
353,15,382.1780738179,677.2737538465,1
353,16,397.8715314614,683.708277194,1
353,32,401.7364740688,1041.9818314561,1
353,33,405.345670392,1045.9036747024,1
353,34,417.290159565,1055.3894248653,1
353,35,390.60268237,1205.6635027478,1
353,36,356.8121094281,979.761868215,1
353,37,343.082294108,982.9927323744,1
354,14,371.0548535853,699.0397591162,1
354,15,381.1800368006,694.2483297851,1
354,16,397.6736292454,704.0710737972,1
354,32,402.3956370929,1029.2404274497,1
354,33,404.659441113,1036.0765611787,1
354,34,418.2124109738,1042.8273284575,1
354,35,393.2108015924,1188.5450981375,1
354,36,356.4181562152,964.0048788118,1
354,37,343.5860485183,965.6930231281,1
355,14,370.6274270019,717.3184299384,1
355,15,380.9449260458,710.2581950315,1
355,16,396.785500644,719.7654402382,1
355,32,408.5222983046,1021.0320824066,1
355,33,404.4553588945,1021.0183594517,1
355,34,420.5152641785,1033.0399611658,1
355,35,395.0435988852,1172.9822212165,1
355,36,356.2229171705,946.386978993,1
355,37,343.5852646462,943.5346299202,1
356,14,369.9054044901,736.2402275456,1
356,15,380.8967894381,726.5080949525,1
356,16,396.7185807294,738.7060927404,1
356,32,415.0769434784,1008.4758426441,1
356,33,408.2826771534,1010.1217799862,1
356,34,423.4669585421,1025.4310665031,1
356,35,399.6127174763,1147.5224132548,1
356,36,356.1067167585,932.235131307,1
356,37,344.4636845304,933.9696690617,1
357,14,369.5510900837,754.2719461062,1
357,15,381.2972601743,745.3867428586,1
357,16,396.9399292951,756.3398531358,1
357,32,427.7174775749,1003.4998594779,1
357,33,413.3492420996,1007.9194155396,1
357,34,429.9190245789,1019.2457803726,1
357,35,401.908063938,1132.8141171285,1
357,36,354.5815805128,918.4272285172,1
357,37,344.1683070689,920.6671974442,1
358,14,369.7713541429,772.313516967,1
358,15,381.8606366683,765.9189762644,1
358,16,398.0830704211,773.5280693774,1
358,32,439.2798041001,1002.7623230672,1
358,33,422.0330317414,1003.509657111,1
358,34,431.6078171046,1019.2112866211,1
358,35,405.0134260326,1111.0785088421,1
358,36,352.8329144881,899.1656025335,1
358,37,345.2525225687,908.1446012597,1
359,14,370.2160029373,789.5101296155,1
359,15,382.2519818202,784.899254984,1
359,16,398.4687507187,791.8040642888,1
359,33,431.6061762287,1003.2904897795,1
359,35,406.4915223056,1097.8443195574,1
359,36,354.3523929163,885.0562249683,1
359,37,343.3084129273,891.7145116528,1
360,14,370.3629301985,807.2293562536,1
360,15,383.2916507126,801.9428772738,1
360,16,398.2376532622,811.4209722148,1
360,35,410.2366188084,1070.0415676281,1
360,36,353.8317304621,872.9489058802,1
360,37,342.99999108,874.6836041279,1
361,14,370.3994422546,825.8986299669,1
361,15,383.9133841514,818.4521609105,1
361,16,398.6335917736,833.1555139845,1
361,35,412.5969953394,1056.4819025013,1
361,36,355.8532709802,850.939563224,1
361,37,342.1701986497,859.0968502278,1
362,14,370.271067766,843.5658255809,1
362,15,383.6591891447,836.4007850881,1
362,16,399.6058274013,849.6823601819,1
362,35,420.5643825721,1046.737446462,1
362,36,354.5998582252,834.7815607418,1
362,37,341.4658423467,839.969665136,1
363,14,369.8912849708,860.4427561118,1
363,15,381.9248949414,855.3853810837,1
363,16,400.2154112233,867.3777444954,1
363,35,426.4669438777,1031.2291087768,1
363,36,355.5960602888,820.5590125688,1
363,37,342.3844604317,821.1296091957,1
364,14,369.1735189744,875.4304920499,1
364,15,380.1128034796,873.6173224401,1
364,16,399.1633216677,884.5554474133,1
364,35,435.040674778,1006.8992503017,1
364,36,357.1980001369,807.6603437072,1
364,37,344.0688254523,805.9670855337,1
365,14,368.3871295271,891.5390274622,1
365,15,378.7446221251,892.8565663307,1
365,16,397.6363015939,901.018772474,1
365,35,452.9119169174,995.7157691638,1
365,36,357.2590200635,795.426957276,1
365,37,345.6822628015,789.2633832376,1
366,14,367.7714126285,907.5714779557,1
366,15,378.270408452,910.4138760437,1
366,16,396.4579432269,914.0602460557,1
366,36,359.033883536,783.6568511012,1
366,37,345.6001592768,773.3119450655,1
367,14,367.036482895,925.9837031649,1
367,15,378.2089124817,926.1746269573,1
367,16,395.3209730358,926.5885896294,1
367,36,359.6403889268,761.514582915,1
367,37,346.5419594977,766.8642437803,1
368,14,366.5042298501,944.5551995825,1
368,15,378.5671904386,940.5986089585,1
368,16,394.0018286052,942.5348883012,1
368,36,360.8896949592,741.0586011947,1
368,37,347.0132780978,750.2423301511,1
369,14,365.4766170972,963.6743381565,1
369,15,378.5081503961,958.5749853943,1
369,16,391.9819626941,959.0450747821,1
369,36,357.609827947,726.4080832608,1
369,37,348.478807279,731.8354498206,1
370,14,364.8936490711,980.9416477299,1
370,15,378.7166847408,976.4193929689,1
370,16,391.1885092924,978.5332955581,1
370,36,359.2599939887,709.2401341862,1
370,37,347.7778217042,721.88131122,1
371,14,364.5109801174,998.4518440123,1
371,15,378.5588364094,995.3976249562,1
371,16,391.1395809203,996.0403011242,1
371,36,359.1798578249,699.1483102354,1
371,37,347.1256874613,700.7672329332,1
372,14,364.6287733989,1015.9812168198,1
372,15,378.1082248739,1011.4694228983,1
372,16,392.6117810738,1014.2929175054,1
372,36,365.2794109226,684.6625194123,1
372,37,345.7816487996,680.9805876386,1
373,14,364.8575170185,1034.6887412735,1
373,15,377.3048897995,1029.0459511359,1
373,16,394.3158825689,1031.0121608849,1
373,36,363.8776260357,667.4772298404,1
373,37,347.0866396242,661.0420087798,1
374,14,364.9189009232,1054.5474783649,1
374,15,376.1770991066,1045.1771635863,1
374,16,394.2250173485,1048.6573388447,1
374,36,363.0822643118,657.7264316489,1
374,37,348.8535275611,648.2674539286,1
375,14,365.0568553636,1072.5850443133,1
375,15,375.9573856745,1061.9744258968,1
375,16,393.2070138468,1065.0593793485,1
375,36,365.1279441222,646.5958097236,1
375,37,349.0077481265,630.2792628513,1
376,14,365.6770768738,1090.276679462,1
376,15,375.9848736037,1077.9151657456,1
376,16,391.1855647571,1081.1518031571,1
376,36,365.9406194132,635.3677365221,1
376,37,351.398695107,609.3366701687,1
377,14,366.4723840877,1105.3170212588,1
377,15,377.3632069258,1095.8185941911,1
377,16,390.7322352935,1097.6198016525,1
377,36,367.8025225996,609.1041793207,1
377,37,352.7164481936,592.4510392705,1
378,14,367.1455788186,1122.393800983,1
378,15,378.1980590343,1112.560334613,1
378,16,391.1061166006,1115.0951736974,1
378,36,371.2510318338,590.4377596827,1
378,37,357.887651544,583.4437113593,1
379,14,367.4855662555,1138.574768335,1
379,15,379.2633652866,1129.2397635675,1
379,16,392.1188725487,1131.9872792647,1
379,36,375.5473062986,575.6539157068,1
379,37,359.4424953448,571.4608557651,1
380,14,366.5805854741,1154.9720927427,1
380,15,379.6567798624,1144.8882184379,1
380,16,393.7746748154,1149.3265602255,1
380,36,376.5747706919,557.3983971917,1
380,37,363.068839619,552.5507687275,1
381,14,366.7210423638,1171.5464438322,1
381,15,380.4438098542,1163.4427529966,1
381,16,395.0754066949,1167.6282859649,1
381,36,379.1571989794,533.7526490612,1
381,37,367.8610045369,538.8645612484,1
382,14,366.8086808449,1189.0404077209,1
382,15,380.7957363807,1182.922314114,1
382,16,396.0801288071,1184.0990301874,1
382,36,382.9511726566,520.1639935556,1
382,37,370.3703560745,513.9661750548,1
383,14,368.3013702055,1206.7184387161,1
383,15,381.476695656,1202.7145976991,1
383,16,396.9126532807,1200.1938154484,1
383,36,385.8165555569,505.1635962255,1
383,37,373.3915597917,499.6780244752,1
384,14,368.9402780079,1224.1696756845,1
384,15,381.7552062217,1220.8416767539,1
384,16,396.895931587,1215.9483857812,1
384,36,395.2169590461,495.4753361124,1
384,37,377.7546739474,494.8029189393,1
385,14,369.1793037847,1242.9926081555,1
385,15,381.9071470977,1237.4394146567,1
385,16,397.5031346865,1234.0958285963,1
385,36,398.5141486777,485.013107357,1
385,37,379.6063652628,481.1523863583,1
386,14,369.135694273,1252.917121618,1
386,15,381.689479752,1252.9024473772,1
386,16,398.2064505674,1252.264013971,1
386,36,401.744958891,471.8135133493,1
386,37,383.7363184296,458.6387221107,1
387,15,380.7934942359,1269.2919310012,1
387,16,399.2187377475,1261.6442120461,1
387,36,403.7811669323,451.8635160924,1
387,37,391.0700484314,440.8210892056,1
388,15,380.4981988217,1277.4358058335,1
388,36,410.1966561848,440.4108819768,1
388,37,396.7617071693,428.6114338621,1
389,36,413.7951263726,416.6241705395,1
389,37,402.6941175006,411.2149648721,1
390,36,419.0301176161,407.5897904923,1
390,37,404.7206914719,399.9551863194,1
391,36,419.9654650165,388.8759846566,1
391,37,409.7313918218,390.2216993245,1
392,36,422.1731344742,376.9351126859,1
392,37,412.8543460504,376.4392250174,1
393,36,427.8930168105,358.379656558,1
393,37,415.5484604393,369.8430597465,1
394,36,428.5205397894,341.5603433416,1
394,37,416.7212868419,349.5011231523,1
395,36,430.8668154196,328.8613310418,1
395,37,416.9423317061,333.1557970402,1
396,36,434.2560872708,312.6428405689,1
396,37,418.5041439085,323.0027515992,1
397,36,434.6286080853,304.5845754331,1
397,37,419.7859136299,302.5507867674,1
398,36,435.8654560671,284.870334084,1
398,37,420.6819302234,280.4569260823,1
399,36,437.7467151156,267.9600809488,1
399,37,420.9216428155,261.4560631788,1
400,36,437.9025363143,245.7768936271,1
400,37,420.0524715167,244.6224283879,1
401,36,438.0625370626,222.9985118663,1
401,37,421.5198036169,225.8633675942,1
402,37,424.4863020852,216.635890081,1
